{"timestamp":"2026-05-14T22:08:13.472Z","method":"GET","path":"/search","statusCode":401,"durationMs":1.95,"userId":"anonymous","query":{"q":"test"}}
{"timestamp":"2026-05-14T22:08:15.615Z","method":"GET","path":"/","statusCode":401,"durationMs":1.34,"userId":"anonymous","query":{}}
{"timestamp":"2026-05-14T22:08:17.177Z","method":"POST","path":"/export/dashboard","statusCode":401,"durationMs":0.97,"userId":"anonymous","query":{}}
{"timestamp":"2026-05-14T22:10:01.075Z","method":"GET","path":"/me","statusCode":200,"durationMs":718.7,"userId":"6a05e39cb8978940d99fb584","query":{}}
{"timestamp":"2026-05-14T22:10:01.686Z","method":"GET","path":"/me","statusCode":304,"durationMs":608.41,"userId":"6a05e39cb8978940d99fb584","query":{}}
{"timestamp":"2026-05-14T22:10:01.714Z","method":"GET","path":"/trends","statusCode":401,"durationMs":0.78,"userId":"anonymous","query":{}}
{"timestamp":"2026-05-14T22:10:01.722Z","method":"GET","path":"/","statusCode":401,"durationMs":0.7,"userId":"anonymous","query":{}}
{"timestamp":"2026-05-14T22:10:03.238Z","method":"GET","path":"/churn-distribution","statusCode":304,"durationMs":1611.52,"userId":"6a05e39cb8978940d99fb584","query":{}}
{"timestamp":"2026-05-14T22:10:04.757Z","method":"GET","path":"/churn-distribution","statusCode":304,"durationMs":1515.62,"userId":"6a05e39cb8978940d99fb584","query":{}}
{"timestamp":"2026-05-14T22:10:04.876Z","method":"GET","path":"/summary","statusCode":304,"durationMs":3261.7,"userId":"6a05e39cb8978940d99fb584","query":{}}
{"timestamp":"2026-05-14T22:10:05.706Z","method":"GET","path":"/sentiment-trend","statusCode":304,"durationMs":4082.12,"userId":"6a05e39cb8978940d99fb584","query":{"days":"7"}}
{"timestamp":"2026-05-14T22:10:07.299Z","method":"GET","path":"/summary","statusCode":304,"durationMs":2418.35,"userId":"6a05e39cb8978940d99fb584","query":{}}
{"timestamp":"2026-05-14T22:10:08.274Z","method":"POST","path":"/export/dashboard","statusCode":401,"durationMs":1,"userId":"anonymous","query":{}}
{"timestamp":"2026-05-14T22:10:09.142Z","method":"GET","path":"/sentiment-trend","statusCode":304,"durationMs":3428.39,"userId":"6a05e39cb8978940d99fb584","query":{"days":"7"}}
{"timestamp":"2026-05-14T22:10:27.557Z","method":"POST","path":"/login","statusCode":401,"durationMs":1100.27,"userId":"anonymous","query":{}}
{"timestamp":"2026-05-14T22:10:34.419Z","method":"POST","path":"/login","statusCode":200,"durationMs":1038.15,"userId":"anonymous","query":{}}
{"timestamp":"2026-05-14T22:10:34.992Z","method":"GET","path":"/","statusCode":401,"durationMs":0.99,"userId":"anonymous","query":{}}
{"timestamp":"2026-05-14T22:10:35.004Z","method":"GET","path":"/trends","statusCode":401,"durationMs":1.46,"userId":"anonymous","query":{}}
{"timestamp":"2026-05-14T22:10:35.540Z","method":"GET","path":"/churn-distribution","statusCode":200,"durationMs":684.73,"userId":"6a059e3c273c93c61fe436b5","query":{}}
{"timestamp":"2026-05-14T22:10:36.120Z","method":"GET","path":"/churn-distribution","statusCode":304,"durationMs":571.38,"userId":"6a059e3c273c93c61fe436b5","query":{}}
{"timestamp":"2026-05-14T22:10:37.370Z","method":"GET","path":"/summary","statusCode":200,"durationMs":2524.12,"userId":"6a059e3c273c93c61fe436b5","query":{}}
{"timestamp":"2026-05-14T22:10:38.116Z","method":"GET","path":"/sentiment-trend","statusCode":304,"durationMs":3262.82,"userId":"6a059e3c273c93c61fe436b5","query":{"days":"7"}}
{"timestamp":"2026-05-14T22:10:39.830Z","method":"GET","path":"/summary","statusCode":304,"durationMs":2449.76,"userId":"6a059e3c273c93c61fe436b5","query":{}}
{"timestamp":"2026-05-14T22:10:40.790Z","method":"GET","path":"/search","statusCode":401,"durationMs":0.53,"userId":"anonymous","query":{"q":"Khan","limit":"8"}}
{"timestamp":"2026-05-14T22:10:41.311Z","method":"GET","path":"/sentiment-trend","statusCode":304,"durationMs":3179.25,"userId":"6a059e3c273c93c61fe436b5","query":{"days":"7"}}
{"timestamp":"2026-05-14T22:10:50.512Z","method":"GET","path":"/","statusCode":200,"durationMs":1188.6,"userId":"6a059e3c273c93c61fe436b5","query":{}}
{"timestamp":"2026-05-14T22:10:53.609Z","method":"GET","path":"/churn-distribution","statusCode":304,"durationMs":590.34,"userId":"6a059e3c273c93c61fe436b5","query":{}}
{"timestamp":"2026-05-14T22:10:54.304Z","method":"GET","path":"/churn-distribution","statusCode":304,"durationMs":686.84,"userId":"6a059e3c273c93c61fe436b5","query":{}}
{"timestamp":"2026-05-14T22:10:55.747Z","method":"GET","path":"/summary","statusCode":304,"durationMs":2738.46,"userId":"6a059e3c273c93c61fe436b5","query":{}}
{"timestamp":"2026-05-14T22:10:56.379Z","method":"GET","path":"/sentiment-trend","statusCode":304,"durationMs":3366.71,"userId":"6a059e3c273c93c61fe436b5","query":{"days":"7"}}
{"timestamp":"2026-05-14T22:10:58.291Z","method":"GET","path":"/summary","statusCode":304,"durationMs":2535.32,"userId":"6a059e3c273c93c61fe436b5","query":{}}
{"timestamp":"2026-05-14T22:10:59.660Z","method":"GET","path":"/sentiment-trend","statusCode":304,"durationMs":3274.62,"userId":"6a059e3c273c93c61fe436b5","query":{"days":"7"}}
{"timestamp":"2026-05-14T22:11:02.186Z","method":"GET","path":"/","statusCode":304,"durationMs":1212.73,"userId":"6a059e3c273c93c61fe436b5","query":{}}
{"timestamp":"2026-05-14T22:11:05.155Z","method":"PUT","path":"/preferences","statusCode":200,"durationMs":1014.22,"userId":"6a059e3c273c93c61fe436b5","query":{}}
{"timestamp":"2026-05-14T22:11:05.512Z","method":"GET","path":"/","statusCode":401,"durationMs":0.43,"userId":"anonymous","query":{}}
{"timestamp":"2026-05-14T22:11:05.516Z","method":"GET","path":"/trends","statusCode":401,"durationMs":1.27,"userId":"anonymous","query":{}}
{"timestamp":"2026-05-14T22:11:06.184Z","method":"GET","path":"/churn-distribution","statusCode":304,"durationMs":692.43,"userId":"6a059e3c273c93c61fe436b5","query":{}}
{"timestamp":"2026-05-14T22:11:06.783Z","method":"GET","path":"/churn-distribution","statusCode":304,"durationMs":577.73,"userId":"6a059e3c273c93c61fe436b5","query":{}}
{"timestamp":"2026-05-14T22:11:08.249Z","method":"GET","path":"/summary","statusCode":304,"durationMs":2759.9,"userId":"6a059e3c273c93c61fe436b5","query":{}}
{"timestamp":"2026-05-14T22:11:08.952Z","method":"GET","path":"/sentiment-trend","statusCode":304,"durationMs":3462.96,"userId":"6a059e3c273c93c61fe436b5","query":{"days":"7"}}
{"timestamp":"2026-05-14T22:11:10.992Z","method":"GET","path":"/summary","statusCode":304,"durationMs":2727.37,"userId":"6a059e3c273c93c61fe436b5","query":{}}
{"timestamp":"2026-05-14T22:11:11.228Z","method":"POST","path":"/export/dashboard","statusCode":401,"durationMs":3.87,"userId":"anonymous","query":{}}
{"timestamp":"2026-05-14T22:11:12.631Z","method":"GET","path":"/sentiment-trend","statusCode":304,"durationMs":3664.86,"userId":"6a059e3c273c93c61fe436b5","query":{"days":"7"}}
{"timestamp":"2026-05-14T22:11:14.170Z","method":"POST","path":"/export/dashboard","statusCode":401,"durationMs":0.57,"userId":"anonymous","query":{}}
{"timestamp":"2026-05-14T22:13:21.960Z","method":"GET","path":"/search","statusCode":401,"durationMs":0.15,"userId":"anonymous","query":{"q":"test"}}
{"timestamp":"2026-05-14T22:13:22.111Z","method":"GET","path":"/search","statusCode":401,"durationMs":0.32,"userId":"anonymous","query":{"q":"test"}}
{"timestamp":"2026-05-14T22:14:49.405Z","method":"POST","path":"/register","statusCode":201,"durationMs":1272.16,"userId":"anonymous","query":{}}
{"timestamp":"2026-05-14T22:14:50.477Z","method":"POST","path":"/login","statusCode":200,"durationMs":995.57,"userId":"anonymous","query":{}}
{"timestamp":"2026-05-14T22:14:51.167Z","method":"POST","path":"/","statusCode":201,"durationMs":673.07,"userId":"6a06495850c8fb021f7a2602","query":{}}
{"timestamp":"2026-05-14T22:14:51.232Z","method":"POST","path":"/","statusCode":401,"durationMs":0.61,"userId":"anonymous","query":{}}
{"timestamp":"2026-05-14T22:14:52.312Z","method":"GET","path":"/","statusCode":200,"durationMs":1040.64,"userId":"6a06495850c8fb021f7a2602","query":{}}
{"timestamp":"2026-05-14T22:14:53.394Z","method":"GET","path":"/","statusCode":200,"durationMs":1010.83,"userId":"6a06495850c8fb021f7a2602","query":{"status":"active"}}
{"timestamp":"2026-05-14T22:14:54.457Z","method":"GET","path":"/6a06495a50c8fb021f7a2603","statusCode":200,"durationMs":988.01,"userId":"6a06495850c8fb021f7a2602","query":{}}
{"timestamp":"2026-05-14T22:14:55.181Z","method":"GET","path":"/000000000000000000000000","statusCode":404,"durationMs":656.16,"userId":"6a06495850c8fb021f7a2602","query":{}}
{"timestamp":"2026-05-14T22:14:55.939Z","method":"PUT","path":"/6a06495a50c8fb021f7a2603","statusCode":200,"durationMs":688.54,"userId":"6a06495850c8fb021f7a2602","query":{}}
{"timestamp":"2026-05-14T22:14:56.623Z","method":"DELETE","path":"/6a06495a50c8fb021f7a2603","statusCode":200,"durationMs":652.41,"userId":"6a06495850c8fb021f7a2602","query":{}}
{"timestamp":"2026-05-14T22:15:02.107Z","method":"POST","path":"/register","statusCode":201,"durationMs":2303.8,"userId":"anonymous","query":{}}
{"timestamp":"2026-05-14T22:15:02.518Z","method":"POST","path":"/register","statusCode":400,"durationMs":334.31,"userId":"anonymous","query":{}}
{"timestamp":"2026-05-14T22:15:03.004Z","method":"POST","path":"/register","statusCode":500,"durationMs":355.27,"userId":"anonymous","query":{}}
{"timestamp":"2026-05-14T22:15:03.950Z","method":"POST","path":"/login","statusCode":200,"durationMs":880.15,"userId":"anonymous","query":{}}
{"timestamp":"2026-05-14T22:15:04.791Z","method":"POST","path":"/login","statusCode":401,"durationMs":824.07,"userId":"anonymous","query":{}}
{"timestamp":"2026-05-14T22:15:05.132Z","method":"POST","path":"/login","statusCode":401,"durationMs":325.12,"userId":"anonymous","query":{}}
{"timestamp":"2026-05-14T22:15:06.075Z","method":"POST","path":"/login","statusCode":200,"durationMs":863.31,"userId":"anonymous","query":{}}
{"timestamp":"2026-05-14T22:15:06.741Z","method":"GET","path":"/me","statusCode":200,"durationMs":649.27,"userId":"6a064965d743da1be125c5a0","query":{}}
{"timestamp":"2026-05-14T22:15:06.801Z","method":"GET","path":"/me","statusCode":401,"durationMs":0.72,"userId":"anonymous","query":{}}
{"timestamp":"2026-05-14T22:15:37.021Z","method":"GET","path":"/search","statusCode":200,"durationMs":714.24,"userId":"6a06498766b80f925d262af5","query":{"q":"test","limit":"5"}}
{"timestamp":"2026-05-14T22:15:37.730Z","method":"GET","path":"/","statusCode":200,"durationMs":660.03,"userId":"6a06498766b80f925d262af5","query":{}}
{"timestamp":"2026-05-14T22:15:43.795Z","method":"POST","path":"/export/dashboard","statusCode":200,"durationMs":6007.66,"userId":"6a06498766b80f925d262af5","query":{}}
{"timestamp":"2026-05-14T22:16:37.940Z","method":"GET","path":"/me","statusCode":200,"durationMs":616.71,"userId":"6a059e3c273c93c61fe436b5","query":{}}
{"timestamp":"2026-05-14T22:16:38.545Z","method":"GET","path":"/me","statusCode":304,"durationMs":600.1,"userId":"6a059e3c273c93c61fe436b5","query":{}}
{"timestamp":"2026-05-14T22:16:39.012Z","method":"GET","path":"/","statusCode":401,"durationMs":0.45,"userId":"anonymous","query":{}}
{"timestamp":"2026-05-14T22:16:39.018Z","method":"GET","path":"/trends","statusCode":401,"durationMs":0.41,"userId":"anonymous","query":{}}
{"timestamp":"2026-05-14T22:16:39.705Z","method":"GET","path":"/churn-distribution","statusCode":304,"durationMs":696.35,"userId":"6a059e3c273c93c61fe436b5","query":{}}
{"timestamp":"2026-05-14T22:16:40.417Z","method":"GET","path":"/churn-distribution","statusCode":304,"durationMs":706.73,"userId":"6a059e3c273c93c61fe436b5","query":{}}
{"timestamp":"2026-05-14T22:16:41.641Z","method":"GET","path":"/summary","statusCode":304,"durationMs":2642.88,"userId":"6a059e3c273c93c61fe436b5","query":{}}
{"timestamp":"2026-05-14T22:16:42.294Z","method":"GET","path":"/sentiment-trend","statusCode":304,"durationMs":3288.01,"userId":"6a059e3c273c93c61fe436b5","query":{"days":"7"}}
{"timestamp":"2026-05-14T22:16:43.930Z","method":"GET","path":"/summary","statusCode":304,"durationMs":2283.95,"userId":"6a059e3c273c93c61fe436b5","query":{}}
{"timestamp":"2026-05-14T22:16:45.454Z","method":"GET","path":"/sentiment-trend","statusCode":304,"durationMs":3155.24,"userId":"6a059e3c273c93c61fe436b5","query":{"days":"7"}}
{"timestamp":"2026-05-14T22:16:50.377Z","method":"POST","path":"/login","statusCode":200,"durationMs":1082.68,"userId":"anonymous","query":{}}
{"timestamp":"2026-05-14T22:16:50.558Z","method":"GET","path":"/","statusCode":401,"durationMs":0.8,"userId":"anonymous","query":{}}
{"timestamp":"2026-05-14T22:16:50.562Z","method":"GET","path":"/trends","statusCode":401,"durationMs":0.58,"userId":"anonymous","query":{}}
{"timestamp":"2026-05-14T22:16:51.095Z","method":"GET","path":"/churn-distribution","statusCode":200,"durationMs":564.01,"userId":"6a05e39cb8978940d99fb584","query":{}}
{"timestamp":"2026-05-14T22:16:51.674Z","method":"GET","path":"/churn-distribution","statusCode":304,"durationMs":575.65,"userId":"6a05e39cb8978940d99fb584","query":{}}
{"timestamp":"2026-05-14T22:16:53.127Z","method":"GET","path":"/summary","statusCode":200,"durationMs":2613.25,"userId":"6a05e39cb8978940d99fb584","query":{}}
{"timestamp":"2026-05-14T22:16:53.839Z","method":"GET","path":"/sentiment-trend","statusCode":304,"durationMs":3322.32,"userId":"6a05e39cb8978940d99fb584","query":{"days":"7"}}
{"timestamp":"2026-05-14T22:16:55.553Z","method":"GET","path":"/summary","statusCode":304,"durationMs":2406.97,"userId":"6a05e39cb8978940d99fb584","query":{}}
{"timestamp":"2026-05-14T22:16:57.103Z","method":"GET","path":"/sentiment-trend","statusCode":304,"durationMs":3256.42,"userId":"6a05e39cb8978940d99fb584","query":{"days":"7"}}
{"timestamp":"2026-05-14T22:17:02.584Z","method":"POST","path":"/export/dashboard","statusCode":401,"durationMs":0.62,"userId":"anonymous","query":{}}
{"timestamp":"2026-05-14T22:20:12.204Z","method":"POST","path":"/login","statusCode":200,"durationMs":887.07,"userId":"anonymous","query":{}}
{"timestamp":"2026-05-14T22:20:13.216Z","method":"GET","path":"/","statusCode":200,"durationMs":564.9,"userId":"6a064965d743da1be125c5a0","query":{}}
{"timestamp":"2026-05-14T22:20:13.222Z","method":"GET","path":"/churn-distribution","statusCode":200,"durationMs":622.23,"userId":"6a064965d743da1be125c5a0","query":{}}
{"timestamp":"2026-05-14T22:20:13.851Z","method":"GET","path":"/churn-distribution","statusCode":304,"durationMs":625.86,"userId":"6a064965d743da1be125c5a0","query":{}}
{"timestamp":"2026-05-14T22:20:15.034Z","method":"GET","path":"/summary","statusCode":200,"durationMs":2444.72,"userId":"6a064965d743da1be125c5a0","query":{}}
{"timestamp":"2026-05-14T22:20:15.263Z","method":"GET","path":"/trends","statusCode":200,"durationMs":2609.72,"userId":"6a064965d743da1be125c5a0","query":{}}
{"timestamp":"2026-05-14T22:20:17.406Z","method":"GET","path":"/sentiment-trend","statusCode":200,"durationMs":4806.54,"userId":"6a064965d743da1be125c5a0","query":{"days":"7"}}
{"timestamp":"2026-05-14T22:20:17.819Z","method":"GET","path":"/summary","statusCode":304,"durationMs":2779.88,"userId":"6a064965d743da1be125c5a0","query":{}}
{"timestamp":"2026-05-14T22:20:20.681Z","method":"GET","path":"/sentiment-trend","statusCode":304,"durationMs":3259.64,"userId":"6a064965d743da1be125c5a0","query":{"days":"7"}}
{"timestamp":"2026-05-14T22:20:28.362Z","method":"GET","path":"/search","statusCode":200,"durationMs":623.44,"userId":"6a064965d743da1be125c5a0","query":{"q":"test","limit":"8"}}
{"timestamp":"2026-05-14T22:21:13.019Z","method":"POST","path":"/export/dashboard","statusCode":200,"durationMs":5727.02,"userId":"6a064965d743da1be125c5a0","query":{}}
{"timestamp":"2026-05-14T22:23:10.876Z","method":"POST","path":"/login","statusCode":200,"durationMs":1279.19,"userId":"anonymous","query":{}}
{"timestamp":"2026-05-14T22:23:11.687Z","method":"GET","path":"/","statusCode":200,"durationMs":572.77,"userId":"6a05e39cb8978940d99fb584","query":{}}
{"timestamp":"2026-05-14T22:23:11.786Z","method":"GET","path":"/churn-distribution","statusCode":304,"durationMs":665.39,"userId":"6a05e39cb8978940d99fb584","query":{}}
{"timestamp":"2026-05-14T22:23:12.475Z","method":"GET","path":"/churn-distribution","statusCode":304,"durationMs":683.49,"userId":"6a05e39cb8978940d99fb584","query":{}}
{"timestamp":"2026-05-14T22:23:13.574Z","method":"GET","path":"/summary","statusCode":304,"durationMs":2531.58,"userId":"6a05e39cb8978940d99fb584","query":{}}
{"timestamp":"2026-05-14T22:23:14.161Z","method":"GET","path":"/trends","statusCode":200,"durationMs":3031.78,"userId":"6a05e39cb8978940d99fb584","query":{}}
{"timestamp":"2026-05-14T22:23:14.488Z","method":"GET","path":"/sentiment-trend","statusCode":304,"durationMs":3375.67,"userId":"6a05e39cb8978940d99fb584","query":{"days":"7"}}
{"timestamp":"2026-05-14T22:23:16.305Z","method":"GET","path":"/summary","statusCode":304,"durationMs":2722.74,"userId":"6a05e39cb8978940d99fb584","query":{}}
{"timestamp":"2026-05-14T22:23:17.734Z","method":"GET","path":"/sentiment-trend","statusCode":304,"durationMs":3235.16,"userId":"6a05e39cb8978940d99fb584","query":{"days":"7"}}
{"timestamp":"2026-05-14T22:23:19.260Z","method":"GET","path":"/search","statusCode":200,"durationMs":686.99,"userId":"6a05e39cb8978940d99fb584","query":{"q":"ka","limit":"8"}}
{"timestamp":"2026-05-14T22:23:23.778Z","method":"GET","path":"/6a05c0cb40f739965e0a384e","statusCode":200,"durationMs":962.07,"userId":"6a05e39cb8978940d99fb584","query":{}}
{"timestamp":"2026-05-14T22:23:24.184Z","method":"GET","path":"/","statusCode":304,"durationMs":1381.75,"userId":"6a05e39cb8978940d99fb584","query":{}}
{"timestamp":"2026-05-14T22:23:25.543Z","method":"GET","path":"/","statusCode":304,"durationMs":1333.81,"userId":"6a05e39cb8978940d99fb584","query":{}}
{"timestamp":"2026-05-14T22:23:26.159Z","method":"GET","path":"/","statusCode":304,"durationMs":698.41,"userId":"6a05e39cb8978940d99fb584","query":{}}
{"timestamp":"2026-05-14T22:23:26.165Z","method":"GET","path":"/churn-distribution","statusCode":304,"durationMs":708.39,"userId":"6a05e39cb8978940d99fb584","query":{}}
{"timestamp":"2026-05-14T22:23:26.904Z","method":"GET","path":"/churn-distribution","statusCode":304,"durationMs":733.17,"userId":"6a05e39cb8978940d99fb584","query":{}}
{"timestamp":"2026-05-14T22:23:27.940Z","method":"GET","path":"/summary","statusCode":304,"durationMs":2504.29,"userId":"6a05e39cb8978940d99fb584","query":{}}
{"timestamp":"2026-05-14T22:23:28.542Z","method":"GET","path":"/trends","statusCode":304,"durationMs":3078.16,"userId":"6a05e39cb8978940d99fb584","query":{}}
{"timestamp":"2026-05-14T22:23:28.612Z","method":"GET","path":"/sentiment-trend","statusCode":304,"durationMs":3158.84,"userId":"6a05e39cb8978940d99fb584","query":{"days":"7"}}
{"timestamp":"2026-05-14T22:23:30.651Z","method":"GET","path":"/summary","statusCode":304,"durationMs":2704.55,"userId":"6a05e39cb8978940d99fb584","query":{}}
{"timestamp":"2026-05-14T22:23:31.784Z","method":"GET","path":"/sentiment-trend","statusCode":304,"durationMs":3167.72,"userId":"6a05e39cb8978940d99fb584","query":{"days":"7"}}
{"timestamp":"2026-05-14T22:24:06.670Z","method":"GET","path":"/search","statusCode":304,"durationMs":614,"userId":"6a05e39cb8978940d99fb584","query":{"q":"ka","limit":"8"}}
{"timestamp":"2026-05-14T22:24:20.707Z","method":"POST","path":"/export/dashboard","statusCode":200,"durationMs":8277.91,"userId":"6a05e39cb8978940d99fb584","query":{}}
{"timestamp":"2026-05-14T22:25:13.540Z","method":"POST","path":"/export/dashboard","statusCode":200,"durationMs":11179.28,"userId":"6a05e39cb8978940d99fb584","query":{}}
{"timestamp":"2026-05-14T22:27:24.613Z","method":"GET","path":"/me","statusCode":200,"durationMs":672.96,"userId":"6a064965d743da1be125c5a0","query":{}}
{"timestamp":"2026-05-14T22:27:25.216Z","method":"GET","path":"/me","statusCode":304,"durationMs":594.12,"userId":"6a064965d743da1be125c5a0","query":{}}
{"timestamp":"2026-05-14T22:27:25.794Z","method":"GET","path":"/churn-distribution","statusCode":304,"durationMs":678.41,"userId":"6a064965d743da1be125c5a0","query":{}}
{"timestamp":"2026-05-14T22:27:25.834Z","method":"GET","path":"/","statusCode":304,"durationMs":621.49,"userId":"6a064965d743da1be125c5a0","query":{}}
{"timestamp":"2026-05-14T22:27:26.477Z","method":"GET","path":"/churn-distribution","statusCode":304,"durationMs":674.13,"userId":"6a064965d743da1be125c5a0","query":{}}
{"timestamp":"2026-05-14T22:27:27.451Z","method":"GET","path":"/summary","statusCode":304,"durationMs":2357.42,"userId":"6a064965d743da1be125c5a0","query":{}}
{"timestamp":"2026-05-14T22:27:28.068Z","method":"GET","path":"/trends","statusCode":304,"durationMs":2850.41,"userId":"6a064965d743da1be125c5a0","query":{}}
{"timestamp":"2026-05-14T22:27:28.229Z","method":"GET","path":"/sentiment-trend","statusCode":304,"durationMs":3118.65,"userId":"6a064965d743da1be125c5a0","query":{"days":"7"}}
{"timestamp":"2026-05-14T22:27:30.284Z","method":"GET","path":"/summary","statusCode":304,"durationMs":2827.03,"userId":"6a064965d743da1be125c5a0","query":{}}
{"timestamp":"2026-05-14T22:27:31.507Z","method":"GET","path":"/sentiment-trend","statusCode":304,"durationMs":3273.05,"userId":"6a064965d743da1be125c5a0","query":{"days":"7"}}
{"timestamp":"2026-05-14T22:27:45.944Z","method":"POST","path":"/export/dashboard","statusCode":200,"durationMs":5747.64,"userId":"6a064965d743da1be125c5a0","query":{}}
{"timestamp":"2026-05-14T22:28:53.047Z","method":"POST","path":"/export/dashboard","statusCode":200,"durationMs":5676.94,"userId":"6a064965d743da1be125c5a0","query":{}}
{"timestamp":"2026-05-14T22:29:09.891Z","method":"GET","path":"/me","statusCode":200,"durationMs":626.84,"userId":"6a05e39cb8978940d99fb584","query":{}}
{"timestamp":"2026-05-14T22:29:10.524Z","method":"GET","path":"/me","statusCode":304,"durationMs":629.33,"userId":"6a05e39cb8978940d99fb584","query":{}}
{"timestamp":"2026-05-14T22:29:11.321Z","method":"GET","path":"/churn-distribution","statusCode":304,"durationMs":612.66,"userId":"6a05e39cb8978940d99fb584","query":{}}
{"timestamp":"2026-05-14T22:29:11.401Z","method":"GET","path":"/","statusCode":304,"durationMs":685.1,"userId":"6a05e39cb8978940d99fb584","query":{}}
{"timestamp":"2026-05-14T22:29:11.942Z","method":"GET","path":"/churn-distribution","statusCode":304,"durationMs":600.33,"userId":"6a05e39cb8978940d99fb584","query":{}}
{"timestamp":"2026-05-14T22:29:13.227Z","method":"GET","path":"/summary","statusCode":304,"durationMs":2543.62,"userId":"6a05e39cb8978940d99fb584","query":{}}
{"timestamp":"2026-05-14T22:29:13.254Z","method":"GET","path":"/trends","statusCode":304,"durationMs":2538.89,"userId":"6a05e39cb8978940d99fb584","query":{}}
{"timestamp":"2026-05-14T22:29:13.676Z","method":"GET","path":"/me","statusCode":304,"durationMs":573.38,"userId":"6a05e39cb8978940d99fb584","query":{}}
{"timestamp":"2026-05-14T22:29:14.037Z","method":"GET","path":"/sentiment-trend","statusCode":304,"durationMs":3343.6,"userId":"6a05e39cb8978940d99fb584","query":{"days":"7"}}
{"timestamp":"2026-05-14T22:29:14.257Z","method":"GET","path":"/me","statusCode":304,"durationMs":577.11,"userId":"6a05e39cb8978940d99fb584","query":{}}
{"timestamp":"2026-05-14T22:29:14.721Z","method":"GET","path":"/","statusCode":304,"durationMs":558.68,"userId":"6a05e39cb8978940d99fb584","query":{}}
{"timestamp":"2026-05-14T22:29:14.738Z","method":"GET","path":"/churn-distribution","statusCode":304,"durationMs":583.08,"userId":"6a05e39cb8978940d99fb584","query":{}}
{"timestamp":"2026-05-14T22:29:15.368Z","method":"GET","path":"/churn-distribution","statusCode":304,"durationMs":622.1,"userId":"6a05e39cb8978940d99fb584","query":{}}
{"timestamp":"2026-05-14T22:29:16.800Z","method":"PUT","path":"/preferences","statusCode":200,"durationMs":915.74,"userId":"6a05e39cb8978940d99fb584","query":{}}
{"timestamp":"2026-05-14T22:29:16.879Z","method":"GET","path":"/summary","statusCode":200,"durationMs":2755.85,"userId":"6a05e39cb8978940d99fb584","query":{}}
{"timestamp":"2026-05-14T22:29:16.972Z","method":"GET","path":"/trends","statusCode":200,"durationMs":2802.57,"userId":"6a05e39cb8978940d99fb584","query":{}}
{"timestamp":"2026-05-14T22:29:17.282Z","method":"GET","path":"/sentiment-trend","statusCode":200,"durationMs":3139.16,"userId":"6a05e39cb8978940d99fb584","query":{"days":"7"}}
{"timestamp":"2026-05-14T22:29:18.190Z","method":"GET","path":"/me","statusCode":200,"durationMs":705.55,"userId":"6a05e39cb8978940d99fb584","query":{}}
{"timestamp":"2026-05-14T22:29:18.825Z","method":"GET","path":"/me","statusCode":304,"durationMs":624.46,"userId":"6a05e39cb8978940d99fb584","query":{}}
{"timestamp":"2026-05-14T22:29:19.208Z","method":"GET","path":"/","statusCode":304,"durationMs":573.98,"userId":"6a05e39cb8978940d99fb584","query":{}}
{"timestamp":"2026-05-14T22:29:19.659Z","method":"GET","path":"/summary","statusCode":304,"durationMs":2752.16,"userId":"6a05e39cb8978940d99fb584","query":{}}
{"timestamp":"2026-05-14T22:29:20.281Z","method":"GET","path":"/churn-distribution","statusCode":304,"durationMs":1660.17,"userId":"6a05e39cb8978940d99fb584","query":{}}
{"timestamp":"2026-05-14T22:29:20.881Z","method":"GET","path":"/me","statusCode":304,"durationMs":670.9,"userId":"6a05e39cb8978940d99fb584","query":{}}
{"timestamp":"2026-05-14T22:29:20.911Z","method":"GET","path":"/summary","statusCode":200,"durationMs":2302.3,"userId":"6a05e39cb8978940d99fb584","query":{}}
{"timestamp":"2026-05-14T22:29:21.366Z","method":"GET","path":"/trends","statusCode":304,"durationMs":2722.18,"userId":"6a05e39cb8978940d99fb584","query":{}}
{"timestamp":"2026-05-14T22:29:21.548Z","method":"GET","path":"/me","statusCode":304,"durationMs":662.73,"userId":"6a05e39cb8978940d99fb584","query":{}}
{"timestamp":"2026-05-14T22:29:21.738Z","method":"GET","path":"/sentiment-trend","statusCode":200,"durationMs":3125.61,"userId":"6a05e39cb8978940d99fb584","query":{"days":"7"}}
{"timestamp":"2026-05-14T22:29:21.872Z","method":"GET","path":"/churn-distribution","statusCode":200,"durationMs":626.01,"userId":"6a05e39cb8978940d99fb584","query":{}}
{"timestamp":"2026-05-14T22:29:22.013Z","method":"GET","path":"/","statusCode":304,"durationMs":726.71,"userId":"6a05e39cb8978940d99fb584","query":{}}
{"timestamp":"2026-05-14T22:29:22.487Z","method":"GET","path":"/churn-distribution","statusCode":304,"durationMs":583,"userId":"6a05e39cb8978940d99fb584","query":{}}
{"timestamp":"2026-05-14T22:29:23.539Z","method":"GET","path":"/summary","statusCode":200,"durationMs":2300.1,"userId":"6a05e39cb8978940d99fb584","query":{}}
{"timestamp":"2026-05-14T22:29:23.981Z","method":"GET","path":"/trends","statusCode":200,"durationMs":2702.42,"userId":"6a05e39cb8978940d99fb584","query":{}}
{"timestamp":"2026-05-14T22:29:24.579Z","method":"GET","path":"/sentiment-trend","statusCode":200,"durationMs":3337.98,"userId":"6a05e39cb8978940d99fb584","query":{"days":"7"}}
{"timestamp":"2026-05-14T22:29:26.374Z","method":"GET","path":"/summary","statusCode":304,"durationMs":2730.48,"userId":"6a05e39cb8978940d99fb584","query":{}}
{"timestamp":"2026-05-14T22:29:29.067Z","method":"GET","path":"/sentiment-trend","statusCode":304,"durationMs":4480.73,"userId":"6a05e39cb8978940d99fb584","query":{"days":"7"}}
{"timestamp":"2026-05-14T22:29:30.384Z","method":"POST","path":"/export/dashboard","statusCode":200,"durationMs":7537.19,"userId":"6a05e39cb8978940d99fb584","query":{}}
{"timestamp":"2026-05-15T13:27:58.515Z","method":"POST","path":"/export/dashboard","statusCode":200,"durationMs":5482.92,"userId":"6a064965d743da1be125c5a0","query":{}}
{"timestamp":"2026-05-15T13:55:58.308Z","method":"GET","path":"/me","statusCode":401,"durationMs":0.56,"userId":"anonymous","query":{}}
{"timestamp":"2026-05-15T13:55:58.310Z","method":"GET","path":"/me","statusCode":401,"durationMs":0.45,"userId":"anonymous","query":{}}
{"timestamp":"2026-05-15T13:56:34.011Z","method":"POST","path":"/login","statusCode":200,"durationMs":742.45,"userId":"anonymous","query":{}}
{"timestamp":"2026-05-15T13:56:35.875Z","method":"GET","path":"/","statusCode":304,"durationMs":1414.35,"userId":"6a05e39cb8978940d99fb584","query":{}}
{"timestamp":"2026-05-15T13:56:36.929Z","method":"GET","path":"/churn-distribution","statusCode":304,"durationMs":2520.15,"userId":"6a05e39cb8978940d99fb584","query":{}}
{"timestamp":"2026-05-15T13:56:37.749Z","method":"GET","path":"/trends","statusCode":304,"durationMs":3287.47,"userId":"6a05e39cb8978940d99fb584","query":{}}
{"timestamp":"2026-05-15T13:56:38.092Z","method":"GET","path":"/summary","statusCode":304,"durationMs":3693.27,"userId":"6a05e39cb8978940d99fb584","query":{}}
{"timestamp":"2026-05-15T13:56:38.517Z","method":"GET","path":"/churn-distribution","statusCode":304,"durationMs":1585.08,"userId":"6a05e39cb8978940d99fb584","query":{}}
{"timestamp":"2026-05-15T13:56:39.209Z","method":"GET","path":"/sentiment-trend","statusCode":304,"durationMs":4802.85,"userId":"6a05e39cb8978940d99fb584","query":{"days":"7"}}
{"timestamp":"2026-05-15T13:56:40.559Z","method":"GET","path":"/summary","statusCode":304,"durationMs":2465.06,"userId":"6a05e39cb8978940d99fb584","query":{}}
{"timestamp":"2026-05-15T13:56:42.565Z","method":"GET","path":"/sentiment-trend","statusCode":304,"durationMs":3352.54,"userId":"6a05e39cb8978940d99fb584","query":{"days":"7"}}
{"timestamp":"2026-05-15T13:56:50.073Z","method":"POST","path":"/export/dashboard","statusCode":200,"durationMs":6428.45,"userId":"6a05e39cb8978940d99fb584","query":{}}
{"timestamp":"2026-05-15T13:57:27.092Z","method":"POST","path":"/export/dashboard","statusCode":200,"durationMs":4829.54,"userId":"6a05e39cb8978940d99fb584","query":{}}
{"timestamp":"2026-05-15T13:58:23.766Z","method":"GET","path":"/me","statusCode":304,"durationMs":649.72,"userId":"6a05e39cb8978940d99fb584","query":{}}
{"timestamp":"2026-05-15T13:58:24.417Z","method":"GET","path":"/me","statusCode":304,"durationMs":647.12,"userId":"6a05e39cb8978940d99fb584","query":{}}
{"timestamp":"2026-05-15T13:58:24.756Z","method":"GET","path":"/","statusCode":304,"durationMs":568.59,"userId":"6a05e39cb8978940d99fb584","query":{}}
{"timestamp":"2026-05-15T13:58:25.606Z","method":"GET","path":"/churn-distribution","statusCode":304,"durationMs":1444.49,"userId":"6a05e39cb8978940d99fb584","query":{}}
{"timestamp":"2026-05-15T13:58:26.352Z","method":"GET","path":"/churn-distribution","statusCode":304,"durationMs":735.85,"userId":"6a05e39cb8978940d99fb584","query":{}}
{"timestamp":"2026-05-15T13:58:27.275Z","method":"GET","path":"/summary","statusCode":304,"durationMs":3122.3,"userId":"6a05e39cb8978940d99fb584","query":{}}
{"timestamp":"2026-05-15T13:58:27.310Z","method":"GET","path":"/trends","statusCode":304,"durationMs":3120.69,"userId":"6a05e39cb8978940d99fb584","query":{}}
{"timestamp":"2026-05-15T13:58:27.563Z","method":"GET","path":"/sentiment-trend","statusCode":304,"durationMs":3405.83,"userId":"6a05e39cb8978940d99fb584","query":{"days":"7"}}
{"timestamp":"2026-05-15T13:58:29.934Z","method":"GET","path":"/summary","statusCode":304,"durationMs":2650.4,"userId":"6a05e39cb8978940d99fb584","query":{}}
{"timestamp":"2026-05-15T13:58:30.826Z","method":"GET","path":"/sentiment-trend","statusCode":304,"durationMs":3256.98,"userId":"6a05e39cb8978940d99fb584","query":{"days":"7"}}
{"timestamp":"2026-05-15T13:58:34.818Z","method":"PUT","path":"/preferences","statusCode":200,"durationMs":984.29,"userId":"6a05e39cb8978940d99fb584","query":{}}
{"timestamp":"2026-05-15T13:58:37.365Z","method":"PUT","path":"/preferences","statusCode":200,"durationMs":978.98,"userId":"6a05e39cb8978940d99fb584","query":{}}
{"timestamp":"2026-05-15T13:58:45.545Z","method":"POST","path":"/export/dashboard","statusCode":200,"durationMs":6834.42,"userId":"6a05e39cb8978940d99fb584","query":{}}
{"timestamp":"2026-05-15T14:00:25.151Z","method":"POST","path":"/export/dashboard","statusCode":200,"durationMs":4556.74,"userId":"6a064965d743da1be125c5a0","query":{}}
{"timestamp":"2026-05-15T14:01:15.411Z","method":"POST","path":"/export/dashboard","statusCode":200,"durationMs":4326.52,"userId":"6a064965d743da1be125c5a0","query":{}}
{"timestamp":"2026-05-15T14:01:47.131Z","method":"POST","path":"/export/dashboard","statusCode":200,"durationMs":4397.21,"userId":"6a064965d743da1be125c5a0","query":{}}
{"timestamp":"2026-05-15T14:02:03.238Z","method":"GET","path":"/","statusCode":304,"durationMs":645.79,"userId":"6a05e39cb8978940d99fb584","query":{}}
{"timestamp":"2026-05-15T14:02:05.222Z","method":"GET","path":"/","statusCode":304,"durationMs":644.29,"userId":"6a05e39cb8978940d99fb584","query":{}}
{"timestamp":"2026-05-15T14:02:05.357Z","method":"GET","path":"/trends","statusCode":304,"durationMs":2762.57,"userId":"6a05e39cb8978940d99fb584","query":{}}
{"timestamp":"2026-05-15T14:02:08.124Z","method":"GET","path":"/trends","statusCode":304,"durationMs":2762.91,"userId":"6a05e39cb8978940d99fb584","query":{}}
{"timestamp":"2026-05-15T14:02:38.566Z","method":"GET","path":"/me","statusCode":304,"durationMs":615.39,"userId":"6a05e39cb8978940d99fb584","query":{}}
{"timestamp":"2026-05-15T14:02:39.186Z","method":"GET","path":"/me","statusCode":304,"durationMs":617.7,"userId":"6a05e39cb8978940d99fb584","query":{}}
{"timestamp":"2026-05-15T14:02:39.537Z","method":"GET","path":"/","statusCode":304,"durationMs":605,"userId":"6a05e39cb8978940d99fb584","query":{}}
{"timestamp":"2026-05-15T14:02:39.564Z","method":"GET","path":"/churn-distribution","statusCode":304,"durationMs":643,"userId":"6a05e39cb8978940d99fb584","query":{}}
{"timestamp":"2026-05-15T14:02:40.212Z","method":"GET","path":"/churn-distribution","statusCode":304,"durationMs":645.02,"userId":"6a05e39cb8978940d99fb584","query":{}}
{"timestamp":"2026-05-15T14:02:41.510Z","method":"GET","path":"/summary","statusCode":304,"durationMs":2593.37,"userId":"6a05e39cb8978940d99fb584","query":{}}
{"timestamp":"2026-05-15T14:02:41.711Z","method":"GET","path":"/trends","statusCode":304,"durationMs":2777.36,"userId":"6a05e39cb8978940d99fb584","query":{}}
{"timestamp":"2026-05-15T14:02:42.000Z","method":"GET","path":"/sentiment-trend","statusCode":304,"durationMs":3080.69,"userId":"6a05e39cb8978940d99fb584","query":{"days":"7"}}
{"timestamp":"2026-05-15T14:02:44.242Z","method":"GET","path":"/summary","statusCode":304,"durationMs":2669.62,"userId":"6a05e39cb8978940d99fb584","query":{}}
{"timestamp":"2026-05-15T14:02:45.348Z","method":"GET","path":"/sentiment-trend","statusCode":304,"durationMs":3345.51,"userId":"6a05e39cb8978940d99fb584","query":{"days":"7"}}
{"timestamp":"2026-05-15T14:02:46.183Z","method":"POST","path":"/export/dashboard","statusCode":200,"durationMs":4314.03,"userId":"6a05e39cb8978940d99fb584","query":{}}
{"timestamp":"2026-05-15T14:02:53.083Z","method":"POST","path":"/export/dashboard","statusCode":200,"durationMs":5523.23,"userId":"6a05e39cb8978940d99fb584","query":{}}
{"timestamp":"2026-05-15T14:03:35.080Z","method":"POST","path":"/login","statusCode":401,"durationMs":768.08,"userId":"anonymous","query":{}}
{"timestamp":"2026-05-15T14:03:42.016Z","method":"POST","path":"/login","statusCode":200,"durationMs":750.68,"userId":"anonymous","query":{}}
{"timestamp":"2026-05-15T14:03:42.983Z","method":"GET","path":"/churn-distribution","statusCode":200,"durationMs":617.99,"userId":"6a059e3c273c93c61fe436b5","query":{}}
{"timestamp":"2026-05-15T14:03:43.000Z","method":"GET","path":"/","statusCode":304,"durationMs":614.64,"userId":"6a059e3c273c93c61fe436b5","query":{}}
{"timestamp":"2026-05-15T14:03:43.613Z","method":"GET","path":"/churn-distribution","statusCode":304,"durationMs":625.39,"userId":"6a059e3c273c93c61fe436b5","query":{}}
{"timestamp":"2026-05-15T14:03:44.938Z","method":"GET","path":"/trends","statusCode":200,"durationMs":2551.36,"userId":"6a059e3c273c93c61fe436b5","query":{}}
{"timestamp":"2026-05-15T14:03:44.999Z","method":"GET","path":"/summary","statusCode":200,"durationMs":2639.73,"userId":"6a059e3c273c93c61fe436b5","query":{}}
{"timestamp":"2026-05-15T14:03:45.607Z","method":"GET","path":"/sentiment-trend","statusCode":304,"durationMs":3243.51,"userId":"6a059e3c273c93c61fe436b5","query":{"days":"7"}}
{"timestamp":"2026-05-15T14:03:47.793Z","method":"GET","path":"/summary","statusCode":304,"durationMs":2734.45,"userId":"6a059e3c273c93c61fe436b5","query":{}}
{"timestamp":"2026-05-15T14:03:48.955Z","method":"GET","path":"/sentiment-trend","statusCode":304,"durationMs":3343.15,"userId":"6a059e3c273c93c61fe436b5","query":{"days":"7"}}
{"timestamp":"2026-05-15T14:03:51.493Z","method":"POST","path":"/export/dashboard","statusCode":200,"durationMs":6682.26,"userId":"6a059e3c273c93c61fe436b5","query":{}}
{"timestamp":"2026-05-15T14:04:03.083Z","method":"POST","path":"/export/dashboard","statusCode":200,"durationMs":4637.42,"userId":"6a059e3c273c93c61fe436b5","query":{}}
{"timestamp":"2026-05-15T14:04:30.838Z","method":"GET","path":"/search","statusCode":200,"durationMs":652.52,"userId":"6a059e3c273c93c61fe436b5","query":{"q":"Acme","limit":"8"}}
{"timestamp":"2026-05-15T14:04:34.851Z","method":"GET","path":"/search","statusCode":200,"durationMs":641.53,"userId":"6a059e3c273c93c61fe436b5","query":{"q":"Acm","limit":"8"}}
{"timestamp":"2026-05-15T14:04:40.004Z","method":"GET","path":"/","statusCode":304,"durationMs":971.96,"userId":"6a059e3c273c93c61fe436b5","query":{}}
{"timestamp":"2026-05-15T14:04:44.515Z","method":"GET","path":"/churn-distribution","statusCode":304,"durationMs":583.55,"userId":"6a059e3c273c93c61fe436b5","query":{}}
{"timestamp":"2026-05-15T14:04:44.613Z","method":"GET","path":"/","statusCode":304,"durationMs":674.43,"userId":"6a059e3c273c93c61fe436b5","query":{}}
{"timestamp":"2026-05-15T14:04:45.134Z","method":"GET","path":"/churn-distribution","statusCode":304,"durationMs":614.89,"userId":"6a059e3c273c93c61fe436b5","query":{}}
{"timestamp":"2026-05-15T14:04:45.997Z","method":"GET","path":"/","statusCode":304,"durationMs":885.72,"userId":"6a059e3c273c93c61fe436b5","query":{}}
{"timestamp":"2026-05-15T14:04:46.515Z","method":"GET","path":"/summary","statusCode":304,"durationMs":2587.84,"userId":"6a059e3c273c93c61fe436b5","query":{}}
{"timestamp":"2026-05-15T14:04:46.717Z","method":"GET","path":"/trends","statusCode":304,"durationMs":2779,"userId":"6a059e3c273c93c61fe436b5","query":{}}
{"timestamp":"2026-05-15T14:04:47.044Z","method":"GET","path":"/sentiment-trend","statusCode":304,"durationMs":3114.25,"userId":"6a059e3c273c93c61fe436b5","query":{"days":"7"}}
{"timestamp":"2026-05-15T14:04:49.106Z","method":"GET","path":"/summary","statusCode":304,"durationMs":2588.1,"userId":"6a059e3c273c93c61fe436b5","query":{}}
{"timestamp":"2026-05-15T14:04:50.165Z","method":"GET","path":"/sentiment-trend","statusCode":304,"durationMs":3117.55,"userId":"6a059e3c273c93c61fe436b5","query":{"days":"7"}}
{"timestamp":"2026-05-15T14:05:24.816Z","method":"POST","path":"/","statusCode":201,"durationMs":605.49,"userId":"6a059e3c273c93c61fe436b5","query":{}}
{"timestamp":"2026-05-15T14:05:25.791Z","method":"GET","path":"/","statusCode":200,"durationMs":922.04,"userId":"6a059e3c273c93c61fe436b5","query":{}}
{"timestamp":"2026-05-15T14:05:33.484Z","method":"GET","path":"/","statusCode":200,"durationMs":932.01,"userId":"6a059e3c273c93c61fe436b5","query":{}}
{"timestamp":"2026-05-15T14:05:33.494Z","method":"GET","path":"/6a07282401bb1962b2cc12ee","statusCode":200,"durationMs":932.51,"userId":"6a059e3c273c93c61fe436b5","query":{}}
{"timestamp":"2026-05-15T14:05:34.394Z","method":"GET","path":"/","statusCode":304,"durationMs":904.79,"userId":"6a059e3c273c93c61fe436b5","query":{}}
{"timestamp":"2026-05-15T14:06:39.359Z","method":"POST","path":"/","statusCode":201,"durationMs":2863.9,"userId":"6a059e3c273c93c61fe436b5","query":{}}
{"timestamp":"2026-05-15T14:13:02.766Z","method":"GET","path":"/churn-distribution","statusCode":200,"durationMs":644.88,"userId":"6a059e3c273c93c61fe436b5","query":{}}
{"timestamp":"2026-05-15T14:13:02.785Z","method":"GET","path":"/","statusCode":304,"durationMs":651.01,"userId":"6a059e3c273c93c61fe436b5","query":{}}
{"timestamp":"2026-05-15T14:13:03.444Z","method":"GET","path":"/churn-distribution","statusCode":304,"durationMs":670,"userId":"6a059e3c273c93c61fe436b5","query":{}}
{"timestamp":"2026-05-15T14:13:04.548Z","method":"GET","path":"/summary","statusCode":200,"durationMs":2432.58,"userId":"6a059e3c273c93c61fe436b5","query":{}}
{"timestamp":"2026-05-15T14:13:04.906Z","method":"GET","path":"/trends","statusCode":200,"durationMs":2771.1,"userId":"6a059e3c273c93c61fe436b5","query":{}}
{"timestamp":"2026-05-15T14:13:05.229Z","method":"GET","path":"/sentiment-trend","statusCode":200,"durationMs":3110.4,"userId":"6a059e3c273c93c61fe436b5","query":{"days":"7"}}
{"timestamp":"2026-05-15T14:13:07.203Z","method":"GET","path":"/summary","statusCode":304,"durationMs":2651.21,"userId":"6a059e3c273c93c61fe436b5","query":{}}
{"timestamp":"2026-05-15T14:13:08.351Z","method":"GET","path":"/sentiment-trend","statusCode":304,"durationMs":3117.15,"userId":"6a059e3c273c93c61fe436b5","query":{"days":"7"}}
{"timestamp":"2026-05-15T14:13:08.725Z","method":"GET","path":"/me","statusCode":200,"durationMs":657.12,"userId":"6a059e3c273c93c61fe436b5","query":{}}
{"timestamp":"2026-05-15T14:13:09.381Z","method":"GET","path":"/me","statusCode":304,"durationMs":649.42,"userId":"6a059e3c273c93c61fe436b5","query":{}}
{"timestamp":"2026-05-15T14:13:09.722Z","method":"GET","path":"/","statusCode":304,"durationMs":575.39,"userId":"6a059e3c273c93c61fe436b5","query":{}}
{"timestamp":"2026-05-15T14:13:09.751Z","method":"GET","path":"/churn-distribution","statusCode":304,"durationMs":621.97,"userId":"6a059e3c273c93c61fe436b5","query":{}}
{"timestamp":"2026-05-15T14:13:10.369Z","method":"GET","path":"/churn-distribution","statusCode":304,"durationMs":615.67,"userId":"6a059e3c273c93c61fe436b5","query":{}}
{"timestamp":"2026-05-15T14:13:11.594Z","method":"GET","path":"/summary","statusCode":304,"durationMs":2470.95,"userId":"6a059e3c273c93c61fe436b5","query":{}}
{"timestamp":"2026-05-15T14:13:11.884Z","method":"GET","path":"/trends","statusCode":304,"durationMs":2737.51,"userId":"6a059e3c273c93c61fe436b5","query":{}}
{"timestamp":"2026-05-15T14:13:12.406Z","method":"GET","path":"/sentiment-trend","statusCode":200,"durationMs":3280.42,"userId":"6a059e3c273c93c61fe436b5","query":{"days":"7"}}
{"timestamp":"2026-05-15T14:13:13.100Z","method":"PUT","path":"/preferences","statusCode":200,"durationMs":901.97,"userId":"6a059e3c273c93c61fe436b5","query":{}}
{"timestamp":"2026-05-15T14:13:14.073Z","method":"GET","path":"/summary","statusCode":304,"durationMs":2476.25,"userId":"6a059e3c273c93c61fe436b5","query":{}}
{"timestamp":"2026-05-15T14:13:15.750Z","method":"GET","path":"/sentiment-trend","statusCode":304,"durationMs":3340.96,"userId":"6a059e3c273c93c61fe436b5","query":{"days":"7"}}
{"timestamp":"2026-05-15T14:13:19.301Z","method":"POST","path":"/export/dashboard","statusCode":200,"durationMs":4718.6,"userId":"6a059e3c273c93c61fe436b5","query":{}}
{"timestamp":"2026-05-15T14:17:14.715Z","method":"POST","path":"/export/dashboard","statusCode":200,"durationMs":4236.51,"userId":"6a064965d743da1be125c5a0","query":{}}
{"timestamp":"2026-05-15T14:18:53.123Z","method":"GET","path":"/me","statusCode":200,"durationMs":632.52,"userId":"6a059e3c273c93c61fe436b5","query":{}}
{"timestamp":"2026-05-15T14:18:53.755Z","method":"GET","path":"/me","statusCode":304,"durationMs":629.66,"userId":"6a059e3c273c93c61fe436b5","query":{}}
{"timestamp":"2026-05-15T14:18:54.188Z","method":"GET","path":"/churn-distribution","statusCode":304,"durationMs":610.5,"userId":"6a059e3c273c93c61fe436b5","query":{}}
{"timestamp":"2026-05-15T14:18:54.214Z","method":"GET","path":"/","statusCode":304,"durationMs":622.04,"userId":"6a059e3c273c93c61fe436b5","query":{}}
{"timestamp":"2026-05-15T14:18:54.820Z","method":"GET","path":"/churn-distribution","statusCode":304,"durationMs":629.44,"userId":"6a059e3c273c93c61fe436b5","query":{}}
{"timestamp":"2026-05-15T14:18:56.150Z","method":"GET","path":"/summary","statusCode":304,"durationMs":2577.23,"userId":"6a059e3c273c93c61fe436b5","query":{}}
{"timestamp":"2026-05-15T14:18:56.356Z","method":"GET","path":"/trends","statusCode":304,"durationMs":2762.26,"userId":"6a059e3c273c93c61fe436b5","query":{}}
{"timestamp":"2026-05-15T14:18:56.844Z","method":"GET","path":"/sentiment-trend","statusCode":304,"durationMs":3267.82,"userId":"6a059e3c273c93c61fe436b5","query":{"days":"7"}}
{"timestamp":"2026-05-15T14:18:58.734Z","method":"GET","path":"/summary","statusCode":304,"durationMs":2581.76,"userId":"6a059e3c273c93c61fe436b5","query":{}}
{"timestamp":"2026-05-15T14:19:00.210Z","method":"GET","path":"/sentiment-trend","statusCode":304,"durationMs":3362.94,"userId":"6a059e3c273c93c61fe436b5","query":{"days":"7"}}
{"timestamp":"2026-05-15T14:19:06.656Z","method":"PUT","path":"/preferences","statusCode":200,"durationMs":1027.36,"userId":"6a059e3c273c93c61fe436b5","query":{}}
{"timestamp":"2026-05-15T14:19:07.308Z","method":"PUT","path":"/preferences","statusCode":200,"durationMs":946.07,"userId":"6a059e3c273c93c61fe436b5","query":{}}
{"timestamp":"2026-05-15T14:19:12.343Z","method":"POST","path":"/export/dashboard","statusCode":200,"durationMs":4755.38,"userId":"6a059e3c273c93c61fe436b5","query":{}}
{"timestamp":"2026-05-15T14:19:22.800Z","method":"POST","path":"/export/dashboard","statusCode":200,"durationMs":5034.83,"userId":"6a059e3c273c93c61fe436b5","query":{}}
{"timestamp":"2026-05-15T14:20:24.873Z","method":"POST","path":"/export/dashboard","statusCode":200,"durationMs":4476.1,"userId":"6a059e3c273c93c61fe436b5","query":{}}
{"timestamp":"2026-05-15T16:30:54.852Z","method":"POST","path":"/login","statusCode":200,"durationMs":1761.94,"userId":"anonymous","query":{}}
{"timestamp":"2026-05-15T16:30:56.145Z","method":"GET","path":"/churn-distribution","statusCode":200,"durationMs":644.01,"userId":"6a05e39cb8978940d99fb584","query":{}}
{"timestamp":"2026-05-15T16:30:56.151Z","method":"GET","path":"/","statusCode":304,"durationMs":634.31,"userId":"6a05e39cb8978940d99fb584","query":{}}
{"timestamp":"2026-05-15T16:30:56.866Z","method":"GET","path":"/churn-distribution","statusCode":304,"durationMs":645.67,"userId":"6a05e39cb8978940d99fb584","query":{}}
{"timestamp":"2026-05-15T16:30:58.073Z","method":"GET","path":"/summary","statusCode":200,"durationMs":2582.32,"userId":"6a05e39cb8978940d99fb584","query":{}}
{"timestamp":"2026-05-15T16:30:58.600Z","method":"GET","path":"/trends","statusCode":200,"durationMs":3087.51,"userId":"6a05e39cb8978940d99fb584","query":{}}
{"timestamp":"2026-05-15T16:30:58.991Z","method":"GET","path":"/sentiment-trend","statusCode":304,"durationMs":3493.02,"userId":"6a05e39cb8978940d99fb584","query":{"days":"7"}}
{"timestamp":"2026-05-15T16:30:59.299Z","method":"PUT","path":"/preferences","statusCode":200,"durationMs":950.49,"userId":"6a05e39cb8978940d99fb584","query":{}}
{"timestamp":"2026-05-15T16:31:00.713Z","method":"GET","path":"/summary","statusCode":304,"durationMs":2633.71,"userId":"6a05e39cb8978940d99fb584","query":{}}
{"timestamp":"2026-05-15T16:31:01.310Z","method":"PUT","path":"/preferences","statusCode":200,"durationMs":983.22,"userId":"6a05e39cb8978940d99fb584","query":{}}
{"timestamp":"2026-05-15T16:31:02.434Z","method":"GET","path":"/sentiment-trend","statusCode":304,"durationMs":3438.82,"userId":"6a05e39cb8978940d99fb584","query":{"days":"7"}}
{"timestamp":"2026-05-15T16:31:03.517Z","method":"GET","path":"/","statusCode":304,"durationMs":787.32,"userId":"6a05e39cb8978940d99fb584","query":{}}
{"timestamp":"2026-05-15T16:31:03.537Z","method":"GET","path":"/churn-distribution","statusCode":304,"durationMs":794.32,"userId":"6a05e39cb8978940d99fb584","query":{}}
{"timestamp":"2026-05-15T16:31:04.154Z","method":"GET","path":"/churn-distribution","statusCode":304,"durationMs":591.23,"userId":"6a05e39cb8978940d99fb584","query":{}}
{"timestamp":"2026-05-15T16:31:05.539Z","method":"GET","path":"/summary","statusCode":304,"durationMs":2802.1,"userId":"6a05e39cb8978940d99fb584","query":{}}
{"timestamp":"2026-05-15T16:31:05.851Z","method":"GET","path":"/trends","statusCode":304,"durationMs":3116.9,"userId":"6a05e39cb8978940d99fb584","query":{}}
{"timestamp":"2026-05-15T16:31:06.199Z","method":"GET","path":"/sentiment-trend","statusCode":304,"durationMs":3459.77,"userId":"6a05e39cb8978940d99fb584","query":{"days":"7"}}
{"timestamp":"2026-05-15T16:31:08.264Z","method":"GET","path":"/summary","statusCode":304,"durationMs":2717.52,"userId":"6a05e39cb8978940d99fb584","query":{}}
{"timestamp":"2026-05-15T16:31:09.705Z","method":"GET","path":"/sentiment-trend","statusCode":304,"durationMs":3498.63,"userId":"6a05e39cb8978940d99fb584","query":{"days":"7"}}
{"timestamp":"2026-05-15T16:44:05.736Z","method":"POST","path":"/api/auth/forgot-password","statusCode":404,"durationMs":6.82,"userId":"anonymous","query":{}}
{"timestamp":"2026-05-15T16:46:11.291Z","method":"POST","path":"/login","statusCode":401,"durationMs":317.43,"userId":"anonymous","query":{}}
{"timestamp":"2026-05-15T16:47:34.995Z","method":"POST","path":"/api/auth/forgot-password","statusCode":404,"durationMs":0.61,"userId":"anonymous","query":{}}
{"timestamp":"2026-05-15T16:47:48.517Z","method":"POST","path":"/api/auth/forgot-password","statusCode":404,"durationMs":0.15,"userId":"anonymous","query":{}}
{"timestamp":"2026-05-15T16:48:24.567Z","method":"GET","path":"/","statusCode":200,"durationMs":1.71,"userId":"anonymous","query":{}}
{"timestamp":"2026-05-15T16:48:24.710Z","method":"GET","path":"/","statusCode":200,"durationMs":0.22,"userId":"anonymous","query":{}}
{"timestamp":"2026-05-15T16:48:32.355Z","method":"POST","path":"/login","statusCode":401,"durationMs":316.19,"userId":"anonymous","query":{}}
{"timestamp":"2026-05-15T16:48:40.043Z","method":"POST","path":"/api/auth/forgot-password","statusCode":404,"durationMs":0.19,"userId":"anonymous","query":{}}
{"timestamp":"2026-05-15T16:48:40.146Z","method":"POST","path":"/api/auth/forgot-password","statusCode":404,"durationMs":0.18,"userId":"anonymous","query":{}}
{"timestamp":"2026-05-15T16:49:04.689Z","method":"POST","path":"/api/auth/forgot-password","statusCode":404,"durationMs":0.31,"userId":"anonymous","query":{}}
{"timestamp":"2026-05-15T16:49:36.113Z","method":"POST","path":"/api/auth/forgot-password","statusCode":404,"durationMs":0.23,"userId":"anonymous","query":{}}
{"timestamp":"2026-05-15T16:51:04.447Z","method":"POST","path":"/login","statusCode":401,"durationMs":315.07,"userId":"anonymous","query":{}}
{"timestamp":"2026-05-15T16:51:05.526Z","method":"POST","path":"/api/auth/forgot-password","statusCode":404,"durationMs":0.39,"userId":"anonymous","query":{}}
{"timestamp":"2026-05-15T16:51:37.182Z","method":"POST","path":"/login","statusCode":401,"durationMs":313.65,"userId":"anonymous","query":{}}
{"timestamp":"2026-05-15T16:51:37.538Z","method":"POST","path":"/api/auth/forgot-password","statusCode":404,"durationMs":0.2,"userId":"anonymous","query":{}}
{"timestamp":"2026-05-15T16:51:58.795Z","method":"POST","path":"/api/auth/forgot-password","statusCode":404,"durationMs":0.45,"userId":"anonymous","query":{}}
{"timestamp":"2026-05-15T16:52:06.665Z","method":"POST","path":"/api/auth/forgotpassword","statusCode":404,"durationMs":0.12,"userId":"anonymous","query":{}}
{"timestamp":"2026-05-15T16:53:05.313Z","method":"POST","path":"/api/auth/forgot-password","statusCode":404,"durationMs":0.45,"userId":"anonymous","query":{}}
{"timestamp":"2026-05-15T16:53:25.771Z","method":"POST","path":"/api/auth/forgot-password","statusCode":404,"durationMs":0.37,"userId":"anonymous","query":{}}
{"timestamp":"2026-05-15T16:54:10.455Z","method":"POST","path":"/login","statusCode":401,"durationMs":314.17,"userId":"anonymous","query":{}}
{"timestamp":"2026-05-15T16:54:11.277Z","method":"POST","path":"/api/auth/forgot-password","statusCode":404,"durationMs":0.3,"userId":"anonymous","query":{}}
{"timestamp":"2026-05-15T16:54:36.865Z","method":"POST","path":"/login","statusCode":401,"durationMs":374.32,"userId":"anonymous","query":{}}
{"timestamp":"2026-05-15T16:55:11.007Z","method":"POST","path":"/api/auth/forgot-password","statusCode":404,"durationMs":0.12,"userId":"anonymous","query":{}}
{"timestamp":"2026-05-15T16:56:03.912Z","method":"POST","path":"/login","statusCode":401,"durationMs":333.59,"userId":"anonymous","query":{}}
{"timestamp":"2026-05-15T16:56:05.415Z","method":"POST","path":"/api/auth/forgot-password","statusCode":404,"durationMs":0.1,"userId":"anonymous","query":{}}
{"timestamp":"2026-05-15T16:56:13.947Z","method":"POST","path":"/login","statusCode":401,"durationMs":318.76,"userId":"anonymous","query":{}}
{"timestamp":"2026-05-15T16:56:15.363Z","method":"POST","path":"/api/auth/forgot-password","statusCode":404,"durationMs":0.13,"userId":"anonymous","query":{}}
{"timestamp":"2026-05-15T16:57:27.393Z","method":"GET","path":"/","statusCode":200,"durationMs":0.27,"userId":"anonymous","query":{}}
{"timestamp":"2026-05-15T16:57:50.276Z","method":"GET","path":"/","statusCode":200,"durationMs":0.15,"userId":"anonymous","query":{}}
{"timestamp":"2026-05-15T16:57:51.533Z","method":"POST","path":"/login","statusCode":401,"durationMs":359.8,"userId":"anonymous","query":{}}
{"timestamp":"2026-05-15T16:57:52.159Z","method":"POST","path":"/api/auth/forgot-password","statusCode":404,"durationMs":0.12,"userId":"anonymous","query":{}}
{"timestamp":"2026-05-15T16:58:11.630Z","method":"POST","path":"/login","statusCode":401,"durationMs":317.29,"userId":"anonymous","query":{}}
{"timestamp":"2026-05-15T16:58:12.669Z","method":"POST","path":"/api/auth/forgot-password","statusCode":404,"durationMs":0.13,"userId":"anonymous","query":{}}
{"timestamp":"2026-05-15T16:58:32.904Z","method":"POST","path":"/login","statusCode":401,"durationMs":335.23,"userId":"anonymous","query":{}}
{"timestamp":"2026-05-15T16:58:33.621Z","method":"POST","path":"/api/auth/forgot-password","statusCode":404,"durationMs":0.23,"userId":"anonymous","query":{}}
{"timestamp":"2026-05-15T16:59:00.990Z","method":"POST","path":"/api/auth/testforgot","statusCode":404,"durationMs":0.29,"userId":"anonymous","query":{}}
{"timestamp":"2026-05-15T16:59:16.953Z","method":"GET","path":"/me","statusCode":401,"durationMs":0.17,"userId":"anonymous","query":{}}
{"timestamp":"2026-05-15T16:59:30.671Z","method":"POST","path":"/api/auth/reset-password/test","statusCode":404,"durationMs":0.1,"userId":"anonymous","query":{}}
{"timestamp":"2026-05-15T17:28:52.139Z","method":"POST","path":"/api/auth/forgot-password","statusCode":404,"durationMs":2.05,"userId":"anonymous","query":{}}
{"timestamp":"2026-05-15T18:09:09.180Z","method":"GET","path":"/","statusCode":200,"durationMs":1.71,"userId":"anonymous","query":{}}
{"timestamp":"2026-05-15T18:09:09.535Z","method":"POST","path":"/login","statusCode":401,"durationMs":333.72,"userId":"anonymous","query":{}}
{"timestamp":"2026-05-15T18:09:10.512Z","method":"POST","path":"/register","statusCode":201,"durationMs":971.16,"userId":"anonymous","query":{}}
{"timestamp":"2026-05-15T18:09:11.189Z","method":"POST","path":"/login","statusCode":200,"durationMs":673.47,"userId":"anonymous","query":{}}
{"timestamp":"2026-05-15T18:09:11.832Z","method":"POST","path":"/","statusCode":201,"durationMs":639.27,"userId":"6a07614501bb1962b2cc12f1","query":{}}
{"timestamp":"2026-05-15T18:09:14.805Z","method":"POST","path":"/","statusCode":201,"durationMs":2969.59,"userId":"6a07614501bb1962b2cc12f1","query":{}}
{"timestamp":"2026-05-15T18:09:17.712Z","method":"POST","path":"/","statusCode":201,"durationMs":2900.48,"userId":"6a07614501bb1962b2cc12f1","query":{}}
{"timestamp":"2026-05-15T18:09:20.887Z","method":"POST","path":"/query","statusCode":200,"durationMs":3157.83,"userId":"6a07614501bb1962b2cc12f1","query":{}}
{"timestamp":"2026-05-15T18:09:22.370Z","method":"POST","path":"/summarize/6a07614701bb1962b2cc12f2","statusCode":200,"durationMs":1476.31,"userId":"6a07614501bb1962b2cc12f1","query":{}}
{"timestamp":"2026-05-15T18:09:22.713Z","method":"GET","path":"/api/rag/daily-risk-insights","statusCode":404,"durationMs":329.56,"userId":"6a07614501bb1962b2cc12f1","query":{}}
{"timestamp":"2026-05-15T18:09:23.052Z","method":"POST","path":"/api/rag/bulk-summarize","statusCode":404,"durationMs":324.93,"userId":"6a07614501bb1962b2cc12f1","query":{}}
{"timestamp":"2026-05-15T18:10:15.408Z","method":"GET","path":"/","statusCode":200,"durationMs":0.12,"userId":"anonymous","query":{}}
{"timestamp":"2026-05-15T18:10:15.743Z","method":"POST","path":"/login","statusCode":401,"durationMs":319.8,"userId":"anonymous","query":{}}
{"timestamp":"2026-05-15T18:10:16.842Z","method":"POST","path":"/register","statusCode":201,"durationMs":1086.51,"userId":"anonymous","query":{}}
{"timestamp":"2026-05-15T18:10:17.610Z","method":"POST","path":"/login","statusCode":200,"durationMs":755.63,"userId":"anonymous","query":{}}
{"timestamp":"2026-05-15T18:10:18.257Z","method":"POST","path":"/","statusCode":201,"durationMs":642.92,"userId":"6a07618801bb1962b2cc12f7","query":{}}
{"timestamp":"2026-05-15T18:10:21.187Z","method":"POST","path":"/","statusCode":201,"durationMs":2912.73,"userId":"6a07618801bb1962b2cc12f7","query":{}}
{"timestamp":"2026-05-15T18:10:24.143Z","method":"POST","path":"/","statusCode":201,"durationMs":2938.91,"userId":"6a07618801bb1962b2cc12f7","query":{}}
{"timestamp":"2026-05-15T18:10:26.087Z","method":"POST","path":"/query","statusCode":200,"durationMs":1921.11,"userId":"6a07618801bb1962b2cc12f7","query":{}}
{"timestamp":"2026-05-15T18:10:27.807Z","method":"POST","path":"/summarize/6a07618901bb1962b2cc12f8","statusCode":200,"durationMs":1709.39,"userId":"6a07618801bb1962b2cc12f7","query":{}}
{"timestamp":"2026-05-15T18:10:28.154Z","method":"GET","path":"/api/rag/daily-risk-insights","statusCode":404,"durationMs":330.02,"userId":"6a07618801bb1962b2cc12f7","query":{}}
{"timestamp":"2026-05-15T18:10:28.493Z","method":"POST","path":"/api/rag/bulk-summarize","statusCode":404,"durationMs":324.89,"userId":"6a07618801bb1962b2cc12f7","query":{}}
{"timestamp":"2026-05-15T18:14:11.075Z","method":"POST","path":"/register","statusCode":500,"durationMs":10023.96,"userId":"anonymous","query":{}}
{"timestamp":"2026-05-15T18:37:18.553Z","method":"GET","path":"/","statusCode":200,"durationMs":8.8,"userId":"anonymous","query":{}}
{"timestamp":"2026-05-15T18:37:19.041Z","method":"POST","path":"/login","statusCode":401,"durationMs":344.36,"userId":"anonymous","query":{}}
{"timestamp":"2026-05-15T18:37:20.584Z","method":"POST","path":"/register","statusCode":201,"durationMs":1535.73,"userId":"anonymous","query":{}}
{"timestamp":"2026-05-15T18:37:21.586Z","method":"POST","path":"/login","statusCode":200,"durationMs":988.99,"userId":"anonymous","query":{}}
{"timestamp":"2026-05-15T18:37:22.217Z","method":"POST","path":"/","statusCode":201,"durationMs":624.6,"userId":"6a0767dfda21ff7b46d7f190","query":{}}
{"timestamp":"2026-05-15T18:37:25.207Z","method":"POST","path":"/","statusCode":201,"durationMs":2970.51,"userId":"6a0767dfda21ff7b46d7f190","query":{}}
{"timestamp":"2026-05-15T18:37:28.248Z","method":"POST","path":"/","statusCode":201,"durationMs":3024.58,"userId":"6a0767dfda21ff7b46d7f190","query":{}}
{"timestamp":"2026-05-15T18:37:31.484Z","method":"POST","path":"/query","statusCode":200,"durationMs":3208.69,"userId":"6a0767dfda21ff7b46d7f190","query":{}}
{"timestamp":"2026-05-15T18:37:33.799Z","method":"POST","path":"/summarize/6a0767e1da21ff7b46d7f191","statusCode":200,"durationMs":2293.26,"userId":"6a0767dfda21ff7b46d7f190","query":{}}
{"timestamp":"2026-05-15T18:37:35.743Z","method":"GET","path":"/daily-risk-insights","statusCode":200,"durationMs":1924.91,"userId":"6a0767dfda21ff7b46d7f190","query":{}}
{"timestamp":"2026-05-15T18:37:37.629Z","method":"POST","path":"/bulk-summarize","statusCode":200,"durationMs":1867.04,"userId":"6a0767dfda21ff7b46d7f190","query":{}}
{"timestamp":"2026-05-15T18:40:46.863Z","method":"POST","path":"/register","statusCode":201,"durationMs":1663.19,"userId":"anonymous","query":{}}
{"timestamp":"2026-05-15T18:40:48.437Z","method":"GET","path":"/churn-distribution","statusCode":200,"durationMs":975.56,"userId":"6a0768adda21ff7b46d7f196","query":{}}
{"timestamp":"2026-05-15T18:40:48.979Z","method":"GET","path":"/","statusCode":200,"durationMs":1493.76,"userId":"6a0768adda21ff7b46d7f196","query":{}}
{"timestamp":"2026-05-15T18:40:50.071Z","method":"GET","path":"/churn-distribution","statusCode":304,"durationMs":1625.9,"userId":"6a0768adda21ff7b46d7f196","query":{}}
{"timestamp":"2026-05-15T18:40:50.099Z","method":"GET","path":"/summary","statusCode":200,"durationMs":2670.29,"userId":"6a0768adda21ff7b46d7f196","query":{}}
{"timestamp":"2026-05-15T18:40:50.315Z","method":"GET","path":"/trends","statusCode":200,"durationMs":2831.88,"userId":"6a0768adda21ff7b46d7f196","query":{}}
{"timestamp":"2026-05-15T18:40:52.482Z","method":"GET","path":"/sentiment-trend","statusCode":200,"durationMs":5022.96,"userId":"6a0768adda21ff7b46d7f196","query":{"days":"7"}}
{"timestamp":"2026-05-15T18:40:52.742Z","method":"GET","path":"/summary","statusCode":304,"durationMs":2637.58,"userId":"6a0768adda21ff7b46d7f196","query":{}}
{"timestamp":"2026-05-15T18:40:54.808Z","method":"GET","path":"/","statusCode":200,"durationMs":682.19,"userId":"6a0768adda21ff7b46d7f196","query":{}}
{"timestamp":"2026-05-15T18:40:55.832Z","method":"GET","path":"/sentiment-trend","statusCode":304,"durationMs":3336.65,"userId":"6a0768adda21ff7b46d7f196","query":{"days":"7"}}
{"timestamp":"2026-05-15T18:41:13.707Z","method":"POST","path":"/","statusCode":201,"durationMs":661.73,"userId":"6a0768adda21ff7b46d7f196","query":{}}
{"timestamp":"2026-05-15T18:41:14.851Z","method":"GET","path":"/","statusCode":200,"durationMs":1038.77,"userId":"6a0768adda21ff7b46d7f196","query":{}}
{"timestamp":"2026-05-15T18:41:22.648Z","method":"GET","path":"/me","statusCode":200,"durationMs":656.53,"userId":"6a0768adda21ff7b46d7f196","query":{}}
{"timestamp":"2026-05-15T18:41:23.314Z","method":"GET","path":"/me","statusCode":304,"durationMs":655.42,"userId":"6a0768adda21ff7b46d7f196","query":{}}
{"timestamp":"2026-05-15T18:41:24.036Z","method":"GET","path":"/6a0768c9da21ff7b46d7f197","statusCode":200,"durationMs":891.52,"userId":"6a0768adda21ff7b46d7f196","query":{}}
{"timestamp":"2026-05-15T18:41:24.132Z","method":"GET","path":"/","statusCode":200,"durationMs":969.2,"userId":"6a0768adda21ff7b46d7f196","query":{}}
{"timestamp":"2026-05-15T18:41:25.127Z","method":"GET","path":"/","statusCode":304,"durationMs":974.22,"userId":"6a0768adda21ff7b46d7f196","query":{}}
{"timestamp":"2026-05-15T18:41:43.200Z","method":"POST","path":"/query","statusCode":200,"durationMs":1719.6,"userId":"6a0768adda21ff7b46d7f196","query":{}}
{"timestamp":"2026-05-15T18:43:36.600Z","method":"GET","path":"/me","statusCode":304,"durationMs":730.16,"userId":"6a0768adda21ff7b46d7f196","query":{}}
{"timestamp":"2026-05-15T18:43:37.247Z","method":"GET","path":"/me","statusCode":304,"durationMs":643.81,"userId":"6a0768adda21ff7b46d7f196","query":{}}
{"timestamp":"2026-05-15T18:43:37.672Z","method":"GET","path":"/","statusCode":304,"durationMs":593.4,"userId":"6a0768adda21ff7b46d7f196","query":{}}
{"timestamp":"2026-05-15T18:43:37.677Z","method":"GET","path":"/churn-distribution","statusCode":200,"durationMs":612.57,"userId":"6a0768adda21ff7b46d7f196","query":{}}
{"timestamp":"2026-05-15T18:43:38.334Z","method":"GET","path":"/churn-distribution","statusCode":304,"durationMs":652.24,"userId":"6a0768adda21ff7b46d7f196","query":{}}
{"timestamp":"2026-05-15T18:43:39.419Z","method":"GET","path":"/summary","statusCode":200,"durationMs":2364.82,"userId":"6a0768adda21ff7b46d7f196","query":{}}
{"timestamp":"2026-05-15T18:43:39.804Z","method":"GET","path":"/trends","statusCode":304,"durationMs":2722.64,"userId":"6a0768adda21ff7b46d7f196","query":{}}
{"timestamp":"2026-05-15T18:43:41.387Z","method":"GET","path":"/sentiment-trend","statusCode":304,"durationMs":4326.55,"userId":"6a0768adda21ff7b46d7f196","query":{"days":"7"}}
{"timestamp":"2026-05-15T18:43:41.890Z","method":"GET","path":"/summary","statusCode":304,"durationMs":2458.12,"userId":"6a0768adda21ff7b46d7f196","query":{}}
{"timestamp":"2026-05-15T18:43:44.750Z","method":"GET","path":"/sentiment-trend","statusCode":304,"durationMs":3355.67,"userId":"6a0768adda21ff7b46d7f196","query":{"days":"7"}}
{"timestamp":"2026-05-15T18:43:56.311Z","method":"POST","path":"/login","statusCode":200,"durationMs":1194.17,"userId":"anonymous","query":{}}
{"timestamp":"2026-05-15T18:43:57.050Z","method":"GET","path":"/churn-distribution","statusCode":304,"durationMs":619.15,"userId":"6a0768adda21ff7b46d7f196","query":{}}
{"timestamp":"2026-05-15T18:43:57.509Z","method":"GET","path":"/","statusCode":304,"durationMs":646.28,"userId":"6a0768adda21ff7b46d7f196","query":{}}
{"timestamp":"2026-05-15T18:43:57.709Z","method":"GET","path":"/churn-distribution","statusCode":304,"durationMs":653.1,"userId":"6a0768adda21ff7b46d7f196","query":{}}
{"timestamp":"2026-05-15T18:43:59.058Z","method":"GET","path":"/summary","statusCode":304,"durationMs":2642.19,"userId":"6a0768adda21ff7b46d7f196","query":{}}
{"timestamp":"2026-05-15T18:43:59.438Z","method":"GET","path":"/trends","statusCode":304,"durationMs":2571.53,"userId":"6a0768adda21ff7b46d7f196","query":{}}
{"timestamp":"2026-05-15T18:43:59.505Z","method":"GET","path":"/sentiment-trend","statusCode":304,"durationMs":3078.36,"userId":"6a0768adda21ff7b46d7f196","query":{"days":"7"}}
{"timestamp":"2026-05-15T18:44:01.979Z","method":"GET","path":"/summary","statusCode":304,"durationMs":2916.14,"userId":"6a0768adda21ff7b46d7f196","query":{}}
{"timestamp":"2026-05-15T18:44:03.024Z","method":"GET","path":"/sentiment-trend","statusCode":304,"durationMs":3512.2,"userId":"6a0768adda21ff7b46d7f196","query":{"days":"7"}}
{"timestamp":"2026-05-15T18:44:29.524Z","method":"POST","path":"/login","statusCode":200,"durationMs":1844.23,"userId":"anonymous","query":{}}
{"timestamp":"2026-05-15T18:44:30.451Z","method":"GET","path":"/churn-distribution","statusCode":304,"durationMs":600.77,"userId":"6a0768adda21ff7b46d7f196","query":{}}
{"timestamp":"2026-05-15T18:44:30.558Z","method":"GET","path":"/","statusCode":304,"durationMs":656.6,"userId":"6a0768adda21ff7b46d7f196","query":{}}
{"timestamp":"2026-05-15T18:44:31.086Z","method":"GET","path":"/churn-distribution","statusCode":304,"durationMs":626.03,"userId":"6a0768adda21ff7b46d7f196","query":{}}
{"timestamp":"2026-05-15T18:44:32.292Z","method":"GET","path":"/summary","statusCode":304,"durationMs":2444.72,"userId":"6a0768adda21ff7b46d7f196","query":{}}
{"timestamp":"2026-05-15T18:44:33.162Z","method":"GET","path":"/trends","statusCode":304,"durationMs":2948.24,"userId":"6a0768adda21ff7b46d7f196","query":{}}
{"timestamp":"2026-05-15T18:44:33.169Z","method":"GET","path":"/sentiment-trend","statusCode":304,"durationMs":3320.97,"userId":"6a0768adda21ff7b46d7f196","query":{"days":"7"}}
{"timestamp":"2026-05-15T18:44:34.922Z","method":"GET","path":"/summary","statusCode":304,"durationMs":2622.75,"userId":"6a0768adda21ff7b46d7f196","query":{}}
{"timestamp":"2026-05-15T18:44:36.541Z","method":"GET","path":"/sentiment-trend","statusCode":304,"durationMs":3360.63,"userId":"6a0768adda21ff7b46d7f196","query":{"days":"7"}}
{"timestamp":"2026-05-15T18:45:03.950Z","method":"GET","path":"/me","statusCode":304,"durationMs":679.15,"userId":"6a0768adda21ff7b46d7f196","query":{}}
{"timestamp":"2026-05-15T18:45:04.676Z","method":"GET","path":"/me","statusCode":304,"durationMs":719.19,"userId":"6a0768adda21ff7b46d7f196","query":{}}
{"timestamp":"2026-05-15T18:45:05.082Z","method":"GET","path":"/churn-distribution","statusCode":304,"durationMs":636.7,"userId":"6a0768adda21ff7b46d7f196","query":{}}
{"timestamp":"2026-05-15T18:45:05.093Z","method":"GET","path":"/","statusCode":304,"durationMs":594.97,"userId":"6a0768adda21ff7b46d7f196","query":{}}
{"timestamp":"2026-05-15T18:45:05.720Z","method":"GET","path":"/churn-distribution","statusCode":304,"durationMs":633.66,"userId":"6a0768adda21ff7b46d7f196","query":{}}
{"timestamp":"2026-05-15T18:45:06.932Z","method":"GET","path":"/summary","statusCode":304,"durationMs":2497.79,"userId":"6a0768adda21ff7b46d7f196","query":{}}
{"timestamp":"2026-05-15T18:45:07.201Z","method":"GET","path":"/trends","statusCode":304,"durationMs":2698.64,"userId":"6a0768adda21ff7b46d7f196","query":{}}
{"timestamp":"2026-05-15T18:45:07.582Z","method":"GET","path":"/sentiment-trend","statusCode":304,"durationMs":3141.9,"userId":"6a0768adda21ff7b46d7f196","query":{"days":"7"}}
{"timestamp":"2026-05-15T18:45:09.417Z","method":"GET","path":"/summary","statusCode":304,"durationMs":2482.29,"userId":"6a0768adda21ff7b46d7f196","query":{}}
{"timestamp":"2026-05-15T18:45:10.741Z","method":"GET","path":"/sentiment-trend","statusCode":304,"durationMs":3156.38,"userId":"6a0768adda21ff7b46d7f196","query":{"days":"7"}}
{"timestamp":"2026-05-15T18:45:23.537Z","method":"POST","path":"/forgot-password","statusCode":200,"durationMs":635.54,"userId":"anonymous","query":{}}
{"timestamp":"2026-05-15T18:45:36.319Z","method":"POST","path":"/forgot-password","statusCode":200,"durationMs":636.4,"userId":"anonymous","query":{}}
{"timestamp":"2026-05-15T18:45:52.907Z","method":"POST","path":"/reset-password/d56dd437dbf767977f1dfeeae2aa8f36715ed405b4c28fdc41ffb73b19294cfe","statusCode":200,"durationMs":963.57,"userId":"anonymous","query":{}}
{"timestamp":"2026-05-15T18:46:06.437Z","method":"POST","path":"/login","statusCode":200,"durationMs":749.76,"userId":"anonymous","query":{}}
{"timestamp":"2026-05-15T18:46:07.366Z","method":"GET","path":"/churn-distribution","statusCode":304,"durationMs":592.2,"userId":"6a0768adda21ff7b46d7f196","query":{}}
{"timestamp":"2026-05-15T18:46:07.403Z","method":"GET","path":"/","statusCode":304,"durationMs":621.3,"userId":"6a0768adda21ff7b46d7f196","query":{}}
{"timestamp":"2026-05-15T18:46:07.984Z","method":"GET","path":"/churn-distribution","statusCode":304,"durationMs":615,"userId":"6a0768adda21ff7b46d7f196","query":{}}
{"timestamp":"2026-05-15T18:46:09.318Z","method":"GET","path":"/summary","statusCode":304,"durationMs":2546.53,"userId":"6a0768adda21ff7b46d7f196","query":{}}
{"timestamp":"2026-05-15T18:46:09.508Z","method":"GET","path":"/trends","statusCode":304,"durationMs":2725.73,"userId":"6a0768adda21ff7b46d7f196","query":{}}
{"timestamp":"2026-05-15T18:46:09.994Z","method":"GET","path":"/sentiment-trend","statusCode":304,"durationMs":3221.84,"userId":"6a0768adda21ff7b46d7f196","query":{"days":"7"}}
{"timestamp":"2026-05-15T18:46:11.883Z","method":"GET","path":"/summary","statusCode":304,"durationMs":2553.65,"userId":"6a0768adda21ff7b46d7f196","query":{}}
{"timestamp":"2026-05-15T18:46:13.283Z","method":"GET","path":"/sentiment-trend","statusCode":304,"durationMs":3287.22,"userId":"6a0768adda21ff7b46d7f196","query":{"days":"7"}}
{"timestamp":"2026-05-15T18:49:43.267Z","method":"POST","path":"/register","statusCode":201,"durationMs":1250.59,"userId":"anonymous","query":{}}
{"timestamp":"2026-05-15T18:49:43.630Z","method":"POST","path":"/register","statusCode":400,"durationMs":330.95,"userId":"anonymous","query":{}}
{"timestamp":"2026-05-15T18:49:43.981Z","method":"POST","path":"/register","statusCode":500,"durationMs":332.49,"userId":"anonymous","query":{}}
{"timestamp":"2026-05-15T18:49:44.693Z","method":"POST","path":"/login","statusCode":200,"durationMs":695.41,"userId":"anonymous","query":{}}
{"timestamp":"2026-05-15T18:49:45.409Z","method":"POST","path":"/login","statusCode":401,"durationMs":697.99,"userId":"anonymous","query":{}}
{"timestamp":"2026-05-15T18:49:45.761Z","method":"POST","path":"/login","statusCode":401,"durationMs":329.78,"userId":"anonymous","query":{}}
{"timestamp":"2026-05-15T18:49:46.529Z","method":"POST","path":"/login","statusCode":200,"durationMs":748.54,"userId":"anonymous","query":{}}
{"timestamp":"2026-05-15T18:49:47.209Z","method":"GET","path":"/me","statusCode":200,"durationMs":664.64,"userId":"6a076ac63223958b78d808e3","query":{}}
{"timestamp":"2026-05-15T18:49:47.230Z","method":"GET","path":"/me","statusCode":401,"durationMs":0.21,"userId":"anonymous","query":{}}
{"timestamp":"2026-05-15T18:49:47.939Z","method":"POST","path":"/forgot-password","statusCode":200,"durationMs":677.48,"userId":"anonymous","query":{}}
{"timestamp":"2026-05-15T18:49:49.120Z","method":"POST","path":"/reset-password/a6b6a182db1a65911c25488face908e8a3ce0f5df4ee3e1d2067acea9e565785","statusCode":200,"durationMs":1161.89,"userId":"anonymous","query":{}}
{"timestamp":"2026-05-15T18:49:49.940Z","method":"POST","path":"/login","statusCode":200,"durationMs":787.52,"userId":"anonymous","query":{}}
{"timestamp":"2026-05-15T18:51:20.881Z","method":"POST","path":"/register","statusCode":201,"durationMs":2236.36,"userId":"anonymous","query":{}}
{"timestamp":"2026-05-15T18:51:21.239Z","method":"POST","path":"/register","statusCode":400,"durationMs":326.04,"userId":"anonymous","query":{}}
{"timestamp":"2026-05-15T18:51:21.592Z","method":"POST","path":"/register","statusCode":500,"durationMs":335.86,"userId":"anonymous","query":{}}
{"timestamp":"2026-05-15T18:51:22.282Z","method":"POST","path":"/login","statusCode":200,"durationMs":666.84,"userId":"anonymous","query":{}}
{"timestamp":"2026-05-15T18:51:22.970Z","method":"POST","path":"/login","statusCode":401,"durationMs":672.18,"userId":"anonymous","query":{}}
{"timestamp":"2026-05-15T18:51:23.310Z","method":"POST","path":"/login","statusCode":401,"durationMs":324.4,"userId":"anonymous","query":{}}
{"timestamp":"2026-05-15T18:51:24.021Z","method":"POST","path":"/login","statusCode":200,"durationMs":693.83,"userId":"anonymous","query":{}}
{"timestamp":"2026-05-15T18:51:24.687Z","method":"GET","path":"/me","statusCode":200,"durationMs":652.53,"userId":"6a076b2835d98f469404ca83","query":{}}
{"timestamp":"2026-05-15T18:51:24.725Z","method":"GET","path":"/me","statusCode":401,"durationMs":0.19,"userId":"anonymous","query":{}}
{"timestamp":"2026-05-15T18:51:25.427Z","method":"POST","path":"/forgot-password","statusCode":200,"durationMs":662.36,"userId":"anonymous","query":{}}
{"timestamp":"2026-05-15T18:51:26.450Z","method":"POST","path":"/reset-password/4d065941501cb001fe257c384581c5ee74a4cd5804ba25ba1a5b2497238f5cf9","statusCode":200,"durationMs":1007.8,"userId":"anonymous","query":{}}
{"timestamp":"2026-05-15T18:51:27.280Z","method":"POST","path":"/login","statusCode":200,"durationMs":805.96,"userId":"anonymous","query":{}}
{"timestamp":"2026-05-15T18:52:20.006Z","method":"POST","path":"/register","statusCode":201,"durationMs":2190.17,"userId":"anonymous","query":{}}
{"timestamp":"2026-05-15T18:52:20.374Z","method":"POST","path":"/register","statusCode":400,"durationMs":329.61,"userId":"anonymous","query":{}}
{"timestamp":"2026-05-15T18:52:20.720Z","method":"POST","path":"/register","statusCode":500,"durationMs":326.95,"userId":"anonymous","query":{}}
{"timestamp":"2026-05-15T18:52:21.647Z","method":"POST","path":"/login","statusCode":200,"durationMs":903.38,"userId":"anonymous","query":{}}
{"timestamp":"2026-05-15T18:52:22.734Z","method":"POST","path":"/login","statusCode":401,"durationMs":1023.1,"userId":"anonymous","query":{}}
{"timestamp":"2026-05-15T18:52:23.110Z","method":"POST","path":"/login","statusCode":401,"durationMs":324.91,"userId":"anonymous","query":{}}
{"timestamp":"2026-05-15T18:52:23.942Z","method":"POST","path":"/login","statusCode":200,"durationMs":800.22,"userId":"anonymous","query":{}}
{"timestamp":"2026-05-15T18:52:24.620Z","method":"GET","path":"/me","statusCode":200,"durationMs":653.79,"userId":"6a076b638a6f0c1cfb8f9062","query":{}}
{"timestamp":"2026-05-15T18:52:24.659Z","method":"GET","path":"/me","statusCode":401,"durationMs":0.38,"userId":"anonymous","query":{}}
{"timestamp":"2026-05-15T18:52:25.348Z","method":"POST","path":"/forgot-password","statusCode":200,"durationMs":660.27,"userId":"anonymous","query":{}}
{"timestamp":"2026-05-15T18:52:26.400Z","method":"POST","path":"/reset-password/a21c236c50f5c28df881f7b72a5dc3a8a396cb85254a0dd14cebbdb00ba77fa6","statusCode":200,"durationMs":1030.61,"userId":"anonymous","query":{}}
{"timestamp":"2026-05-15T18:52:27.145Z","method":"POST","path":"/login","statusCode":200,"durationMs":724.27,"userId":"anonymous","query":{}}
{"timestamp":"2026-05-15T18:55:36.054Z","method":"POST","path":"/register","statusCode":201,"durationMs":1118.21,"userId":"anonymous","query":{}}
{"timestamp":"2026-05-15T18:55:36.384Z","method":"POST","path":"/register","statusCode":400,"durationMs":283.63,"userId":"anonymous","query":{}}
{"timestamp":"2026-05-15T18:55:36.679Z","method":"POST","path":"/register","statusCode":500,"durationMs":278.79,"userId":"anonymous","query":{}}
{"timestamp":"2026-05-15T18:55:37.311Z","method":"POST","path":"/login","statusCode":200,"durationMs":610.81,"userId":"anonymous","query":{}}
{"timestamp":"2026-05-15T18:55:37.969Z","method":"POST","path":"/login","statusCode":401,"durationMs":642.23,"userId":"anonymous","query":{}}
{"timestamp":"2026-05-15T18:55:38.266Z","method":"POST","path":"/login","statusCode":401,"durationMs":278.37,"userId":"anonymous","query":{}}
{"timestamp":"2026-05-15T18:55:38.965Z","method":"POST","path":"/login","statusCode":200,"durationMs":681.7,"userId":"anonymous","query":{}}
{"timestamp":"2026-05-15T18:55:39.550Z","method":"GET","path":"/me","statusCode":200,"durationMs":565.92,"userId":"6a076c27fd20d2472c2d5598","query":{}}
{"timestamp":"2026-05-15T18:55:39.572Z","method":"GET","path":"/me","statusCode":401,"durationMs":0.2,"userId":"anonymous","query":{}}
{"timestamp":"2026-05-15T18:55:40.157Z","method":"POST","path":"/forgot-password","statusCode":200,"durationMs":566.1,"userId":"anonymous","query":{}}
{"timestamp":"2026-05-15T18:55:41.132Z","method":"POST","path":"/reset-password/061b1cc6e915f883556b0291649ef2a5931b00c1d96f8a16a2048bc29e25860e","statusCode":200,"durationMs":947.27,"userId":"anonymous","query":{}}
{"timestamp":"2026-05-15T18:55:41.907Z","method":"POST","path":"/login","statusCode":200,"durationMs":758.83,"userId":"anonymous","query":{}}
{"timestamp":"2026-05-15T18:57:50.177Z","method":"POST","path":"/register","statusCode":201,"durationMs":1144.12,"userId":"anonymous","query":{}}
{"timestamp":"2026-05-15T18:57:50.495Z","method":"POST","path":"/register","statusCode":400,"durationMs":284.52,"userId":"anonymous","query":{}}
{"timestamp":"2026-05-15T18:57:50.803Z","method":"POST","path":"/register","statusCode":500,"durationMs":291,"userId":"anonymous","query":{}}
{"timestamp":"2026-05-15T18:57:51.467Z","method":"POST","path":"/login","statusCode":200,"durationMs":647.82,"userId":"anonymous","query":{}}
{"timestamp":"2026-05-15T18:57:52.161Z","method":"POST","path":"/login","statusCode":401,"durationMs":674.3,"userId":"anonymous","query":{}}
{"timestamp":"2026-05-15T18:57:52.460Z","method":"POST","path":"/login","statusCode":401,"durationMs":278.92,"userId":"anonymous","query":{}}
{"timestamp":"2026-05-15T18:57:53.241Z","method":"POST","path":"/login","statusCode":200,"durationMs":748.62,"userId":"anonymous","query":{}}
{"timestamp":"2026-05-15T18:57:53.822Z","method":"GET","path":"/me","statusCode":200,"durationMs":567.02,"userId":"6a076cad3788283fd724aa11","query":{}}
{"timestamp":"2026-05-15T18:57:53.848Z","method":"GET","path":"/me","statusCode":401,"durationMs":0.2,"userId":"anonymous","query":{}}
{"timestamp":"2026-05-15T18:57:54.481Z","method":"POST","path":"/forgot-password","statusCode":200,"durationMs":607.8,"userId":"anonymous","query":{}}
{"timestamp":"2026-05-15T18:57:55.408Z","method":"POST","path":"/reset-password/16904d812271754ef261e71eb7601ba6f6bd7095a2cfe3b5cafd5a30e3bded10","statusCode":200,"durationMs":907.07,"userId":"anonymous","query":{}}
{"timestamp":"2026-05-15T18:57:56.055Z","method":"POST","path":"/login","statusCode":200,"durationMs":633.49,"userId":"anonymous","query":{}}
{"timestamp":"2026-05-15T19:27:18.522Z","method":"POST","path":"/register","statusCode":201,"durationMs":1975.44,"userId":"anonymous","query":{}}
{"timestamp":"2026-05-15T19:27:18.835Z","method":"POST","path":"/register","statusCode":400,"durationMs":293.28,"userId":"anonymous","query":{}}
{"timestamp":"2026-05-15T19:27:19.140Z","method":"POST","path":"/register","statusCode":500,"durationMs":292.83,"userId":"anonymous","query":{}}
{"timestamp":"2026-05-15T19:27:19.780Z","method":"POST","path":"/login","statusCode":200,"durationMs":627.9,"userId":"anonymous","query":{}}
{"timestamp":"2026-05-15T19:27:20.394Z","method":"POST","path":"/login","statusCode":401,"durationMs":606.91,"userId":"anonymous","query":{}}
{"timestamp":"2026-05-15T19:27:20.689Z","method":"POST","path":"/login","statusCode":401,"durationMs":287.03,"userId":"anonymous","query":{}}
{"timestamp":"2026-05-15T19:27:21.316Z","method":"POST","path":"/login","statusCode":200,"durationMs":616.85,"userId":"anonymous","query":{}}
{"timestamp":"2026-05-15T19:27:21.906Z","method":"GET","path":"/me","statusCode":200,"durationMs":584.75,"userId":"6a07739558d4206f76133380","query":{}}
{"timestamp":"2026-05-15T19:27:21.922Z","method":"GET","path":"/me","statusCode":401,"durationMs":0.22,"userId":"anonymous","query":{}}
{"timestamp":"2026-05-15T19:27:23.542Z","method":"POST","path":"/forgot-password","statusCode":500,"durationMs":1606.17,"userId":"anonymous","query":{}}
{"timestamp":"2026-05-15T19:27:46.803Z","method":"POST","path":"/register","statusCode":201,"durationMs":1128.02,"userId":"anonymous","query":{}}
{"timestamp":"2026-05-15T19:27:47.142Z","method":"POST","path":"/register","statusCode":400,"durationMs":321.07,"userId":"anonymous","query":{}}
{"timestamp":"2026-05-15T19:27:47.469Z","method":"POST","path":"/register","statusCode":500,"durationMs":319.98,"userId":"anonymous","query":{}}
{"timestamp":"2026-05-15T19:27:48.151Z","method":"POST","path":"/login","statusCode":200,"durationMs":673.59,"userId":"anonymous","query":{}}
{"timestamp":"2026-05-15T19:27:48.773Z","method":"POST","path":"/login","statusCode":401,"durationMs":614.41,"userId":"anonymous","query":{}}
{"timestamp":"2026-05-15T19:27:49.098Z","method":"POST","path":"/login","statusCode":401,"durationMs":316.84,"userId":"anonymous","query":{}}
{"timestamp":"2026-05-15T19:27:50.116Z","method":"POST","path":"/login","statusCode":200,"durationMs":1000.78,"userId":"anonymous","query":{}}
{"timestamp":"2026-05-15T19:27:50.840Z","method":"GET","path":"/me","statusCode":200,"durationMs":698.14,"userId":"6a0773b225c0a80b6e71a85c","query":{}}
{"timestamp":"2026-05-15T19:27:50.892Z","method":"GET","path":"/me","statusCode":401,"durationMs":0.65,"userId":"anonymous","query":{}}
{"timestamp":"2026-05-15T19:27:51.580Z","method":"POST","path":"/forgot-password","statusCode":200,"durationMs":650.6,"userId":"anonymous","query":{}}
{"timestamp":"2026-05-15T19:27:52.943Z","method":"POST","path":"/reset-password/55f265b87e27cca02849afcafab82e53e16d9f0ca5adb415edd8357af81ba7e2","statusCode":200,"durationMs":1338.46,"userId":"anonymous","query":{}}
{"timestamp":"2026-05-15T19:27:53.778Z","method":"POST","path":"/login","statusCode":200,"durationMs":821.79,"userId":"anonymous","query":{}}
{"timestamp":"2026-05-15T19:49:40.141Z","method":"POST","path":"/forgot-password","statusCode":200,"durationMs":375.36,"userId":"anonymous","query":{}}
{"timestamp":"2026-05-15T19:50:36.340Z","method":"POST","path":"/forgot-password","statusCode":200,"durationMs":359.23,"userId":"anonymous","query":{}}
{"timestamp":"2026-05-15T19:51:33.440Z","method":"POST","path":"/register","statusCode":201,"durationMs":1494.72,"userId":"anonymous","query":{}}
{"timestamp":"2026-05-15T19:51:34.554Z","method":"GET","path":"/churn-distribution","statusCode":200,"durationMs":624.15,"userId":"6a077944da21ff7b46d7f198","query":{}}
{"timestamp":"2026-05-15T19:51:34.734Z","method":"GET","path":"/","statusCode":304,"durationMs":661.82,"userId":"6a077944da21ff7b46d7f198","query":{}}
{"timestamp":"2026-05-15T19:51:35.199Z","method":"GET","path":"/churn-distribution","statusCode":304,"durationMs":635.57,"userId":"6a077944da21ff7b46d7f198","query":{}}
{"timestamp":"2026-05-15T19:51:36.638Z","method":"GET","path":"/summary","statusCode":200,"durationMs":2734.1,"userId":"6a077944da21ff7b46d7f198","query":{}}
{"timestamp":"2026-05-15T19:51:36.834Z","method":"GET","path":"/trends","statusCode":200,"durationMs":2766.28,"userId":"6a077944da21ff7b46d7f198","query":{}}
{"timestamp":"2026-05-15T19:51:37.379Z","method":"GET","path":"/sentiment-trend","statusCode":200,"durationMs":3461.19,"userId":"6a077944da21ff7b46d7f198","query":{"days":"7"}}
{"timestamp":"2026-05-15T19:51:39.441Z","method":"GET","path":"/summary","statusCode":304,"durationMs":2786.69,"userId":"6a077944da21ff7b46d7f198","query":{}}
{"timestamp":"2026-05-15T19:51:40.901Z","method":"GET","path":"/sentiment-trend","statusCode":304,"durationMs":3513.6,"userId":"6a077944da21ff7b46d7f198","query":{"days":"7"}}
{"timestamp":"2026-05-15T19:52:05.594Z","method":"PUT","path":"/usage-log","statusCode":200,"durationMs":999.06,"userId":"6a077944da21ff7b46d7f198","query":{}}
{"timestamp":"2026-05-15T19:52:05.605Z","method":"GET","path":"/","statusCode":200,"durationMs":656.79,"userId":"6a077944da21ff7b46d7f198","query":{}}
{"timestamp":"2026-05-15T19:52:35.052Z","method":"POST","path":"/","statusCode":201,"durationMs":666.79,"userId":"6a077944da21ff7b46d7f198","query":{}}
{"timestamp":"2026-05-15T19:52:36.119Z","method":"GET","path":"/","statusCode":200,"durationMs":982.19,"userId":"6a077944da21ff7b46d7f198","query":{}}
{"timestamp":"2026-05-15T19:52:41.092Z","method":"GET","path":"/","statusCode":200,"durationMs":982.23,"userId":"6a077944da21ff7b46d7f198","query":{}}
{"timestamp":"2026-05-15T19:52:41.108Z","method":"GET","path":"/6a077982da21ff7b46d7f199","statusCode":200,"durationMs":990.88,"userId":"6a077944da21ff7b46d7f198","query":{}}
{"timestamp":"2026-05-15T19:52:42.202Z","method":"GET","path":"/","statusCode":304,"durationMs":1094.84,"userId":"6a077944da21ff7b46d7f198","query":{}}
{"timestamp":"2026-05-15T19:52:57.224Z","method":"POST","path":"/query","statusCode":200,"durationMs":1871.83,"userId":"6a077944da21ff7b46d7f198","query":{}}
{"timestamp":"2026-05-15T19:55:24.558Z","method":"POST","path":"/","statusCode":201,"durationMs":3331.72,"userId":"6a077944da21ff7b46d7f198","query":{}}
{"timestamp":"2026-05-15T19:55:30.572Z","method":"PUT","path":"/preferences","statusCode":200,"durationMs":983,"userId":"6a077944da21ff7b46d7f198","query":{}}
{"timestamp":"2026-05-15T19:55:46.117Z","method":"POST","path":"/query","statusCode":200,"durationMs":2198.24,"userId":"6a077944da21ff7b46d7f198","query":{}}
{"timestamp":"2026-05-15T19:56:21.985Z","method":"GET","path":"/churn-distribution","statusCode":200,"durationMs":654.51,"userId":"6a077944da21ff7b46d7f198","query":{}}
{"timestamp":"2026-05-15T19:56:22.675Z","method":"GET","path":"/churn-distribution","statusCode":304,"durationMs":682.01,"userId":"6a077944da21ff7b46d7f198","query":{}}
{"timestamp":"2026-05-15T19:56:23.984Z","method":"GET","path":"/summary","statusCode":200,"durationMs":2664.4,"userId":"6a077944da21ff7b46d7f198","query":{}}
{"timestamp":"2026-05-15T19:56:24.508Z","method":"GET","path":"/sentiment-trend","statusCode":200,"durationMs":3180.43,"userId":"6a077944da21ff7b46d7f198","query":{"days":"7"}}
{"timestamp":"2026-05-15T19:56:26.640Z","method":"GET","path":"/summary","statusCode":304,"durationMs":2646.97,"userId":"6a077944da21ff7b46d7f198","query":{}}
{"timestamp":"2026-05-15T19:56:27.602Z","method":"GET","path":"/sentiment-trend","statusCode":304,"durationMs":3085.77,"userId":"6a077944da21ff7b46d7f198","query":{"days":"7"}}
{"timestamp":"2026-05-15T19:56:43.869Z","method":"GET","path":"/","statusCode":200,"durationMs":1020.59,"userId":"6a077944da21ff7b46d7f198","query":{}}
{"timestamp":"2026-05-15T19:56:46.565Z","method":"GET","path":"/","statusCode":304,"durationMs":599.04,"userId":"6a077944da21ff7b46d7f198","query":{"search":"","status":"at_risk"}}
{"timestamp":"2026-05-15T19:56:48.102Z","method":"GET","path":"/","statusCode":200,"durationMs":905.65,"userId":"6a077944da21ff7b46d7f198","query":{"search":"","status":"active"}}
{"timestamp":"2026-05-15T19:56:49.480Z","method":"GET","path":"/","statusCode":304,"durationMs":597.83,"userId":"6a077944da21ff7b46d7f198","query":{"search":"","status":"inactive"}}
{"timestamp":"2026-05-15T19:56:54.424Z","method":"GET","path":"/","statusCode":200,"durationMs":600.63,"userId":"6a077944da21ff7b46d7f198","query":{"search":"Ki","status":"inactive"}}
{"timestamp":"2026-05-15T19:56:57.988Z","method":"GET","path":"/","statusCode":200,"durationMs":618.33,"userId":"6a077944da21ff7b46d7f198","query":{"search":"King","status":"inactive"}}
{"timestamp":"2026-05-15T19:57:00.879Z","method":"GET","path":"/churn-distribution","statusCode":304,"durationMs":759.08,"userId":"6a077944da21ff7b46d7f198","query":{}}
{"timestamp":"2026-05-15T19:57:01.165Z","method":"GET","path":"/","statusCode":304,"durationMs":675.91,"userId":"6a077944da21ff7b46d7f198","query":{}}
{"timestamp":"2026-05-15T19:57:01.492Z","method":"GET","path":"/churn-distribution","statusCode":304,"durationMs":604.13,"userId":"6a077944da21ff7b46d7f198","query":{}}
{"timestamp":"2026-05-15T19:57:02.778Z","method":"GET","path":"/summary","statusCode":304,"durationMs":2662.07,"userId":"6a077944da21ff7b46d7f198","query":{}}
{"timestamp":"2026-05-15T19:57:03.209Z","method":"GET","path":"/trends","statusCode":200,"durationMs":2712.14,"userId":"6a077944da21ff7b46d7f198","query":{}}
{"timestamp":"2026-05-15T19:57:03.560Z","method":"GET","path":"/sentiment-trend","statusCode":304,"durationMs":3442.19,"userId":"6a077944da21ff7b46d7f198","query":{"days":"7"}}
{"timestamp":"2026-05-15T19:57:03.586Z","method":"GET","path":"/search","statusCode":200,"durationMs":601.17,"userId":"6a077944da21ff7b46d7f198","query":{"q":"King","limit":"8"}}
{"timestamp":"2026-05-15T19:57:05.277Z","method":"GET","path":"/summary","statusCode":304,"durationMs":2492.39,"userId":"6a077944da21ff7b46d7f198","query":{}}
{"timestamp":"2026-05-15T19:57:06.989Z","method":"GET","path":"/sentiment-trend","statusCode":304,"durationMs":3422.15,"userId":"6a077944da21ff7b46d7f198","query":{"days":"7"}}
{"timestamp":"2026-05-15T19:57:12.158Z","method":"GET","path":"/search","statusCode":200,"durationMs":677.75,"userId":"6a077944da21ff7b46d7f198","query":{"q":"Ki","limit":"8"}}
{"timestamp":"2026-05-15T19:57:35.461Z","method":"POST","path":"/export/dashboard","statusCode":500,"durationMs":8181.69,"userId":"6a077944da21ff7b46d7f198","query":{}}
{"timestamp":"2026-05-15T19:57:43.204Z","method":"GET","path":"/","statusCode":304,"durationMs":1039.38,"userId":"6a077944da21ff7b46d7f198","query":{}}
{"timestamp":"2026-05-15T19:57:43.321Z","method":"GET","path":"/churn-distribution","statusCode":304,"durationMs":659.74,"userId":"6a077944da21ff7b46d7f198","query":{}}
{"timestamp":"2026-05-15T19:57:43.979Z","method":"GET","path":"/churn-distribution","statusCode":304,"durationMs":654.13,"userId":"6a077944da21ff7b46d7f198","query":{}}
{"timestamp":"2026-05-15T19:57:45.138Z","method":"GET","path":"/churn-distribution","statusCode":304,"durationMs":655,"userId":"6a077944da21ff7b46d7f198","query":{}}
{"timestamp":"2026-05-15T19:57:45.484Z","method":"GET","path":"/","statusCode":304,"durationMs":660.22,"userId":"6a077944da21ff7b46d7f198","query":{}}
{"timestamp":"2026-05-15T19:57:45.712Z","method":"GET","path":"/sentiment-trend","statusCode":304,"durationMs":3054.17,"userId":"6a077944da21ff7b46d7f198","query":{"days":"7"}}
{"timestamp":"2026-05-15T19:57:45.811Z","method":"GET","path":"/churn-distribution","statusCode":304,"durationMs":664.76,"userId":"6a077944da21ff7b46d7f198","query":{}}
{"timestamp":"2026-05-15T19:57:46.381Z","method":"GET","path":"/summary","statusCode":304,"durationMs":3728.02,"userId":"6a077944da21ff7b46d7f198","query":{}}
{"timestamp":"2026-05-15T19:57:47.525Z","method":"GET","path":"/trends","statusCode":304,"durationMs":2697.57,"userId":"6a077944da21ff7b46d7f198","query":{}}
{"timestamp":"2026-05-15T19:57:48.995Z","method":"GET","path":"/summary","statusCode":304,"durationMs":2606.34,"userId":"6a077944da21ff7b46d7f198","query":{}}
{"timestamp":"2026-05-15T19:57:49.023Z","method":"GET","path":"/sentiment-trend","statusCode":304,"durationMs":3299.54,"userId":"6a077944da21ff7b46d7f198","query":{"days":"7"}}
{"timestamp":"2026-05-15T19:57:51.798Z","method":"GET","path":"/summary","statusCode":304,"durationMs":2783.31,"userId":"6a077944da21ff7b46d7f198","query":{}}
{"timestamp":"2026-05-15T19:57:52.555Z","method":"GET","path":"/sentiment-trend","statusCode":304,"durationMs":3520.65,"userId":"6a077944da21ff7b46d7f198","query":{"days":"7"}}
{"timestamp":"2026-05-15T19:57:54.383Z","method":"GET","path":"/summary","statusCode":304,"durationMs":2574.34,"userId":"6a077944da21ff7b46d7f198","query":{}}
{"timestamp":"2026-05-15T19:57:55.975Z","method":"GET","path":"/sentiment-trend","statusCode":304,"durationMs":3404.74,"userId":"6a077944da21ff7b46d7f198","query":{"days":"7"}}
{"timestamp":"2026-05-15T19:57:59.432Z","method":"POST","path":"/login","statusCode":200,"durationMs":1198.2,"userId":"anonymous","query":{}}
{"timestamp":"2026-05-15T19:58:00.234Z","method":"GET","path":"/churn-distribution","statusCode":304,"durationMs":660.77,"userId":"6a077944da21ff7b46d7f198","query":{}}
{"timestamp":"2026-05-15T19:58:00.242Z","method":"GET","path":"/","statusCode":304,"durationMs":682.38,"userId":"6a077944da21ff7b46d7f198","query":{}}
{"timestamp":"2026-05-15T19:58:00.923Z","method":"GET","path":"/churn-distribution","statusCode":304,"durationMs":663.13,"userId":"6a077944da21ff7b46d7f198","query":{}}
{"timestamp":"2026-05-15T19:58:02.217Z","method":"GET","path":"/summary","statusCode":304,"durationMs":2651.03,"userId":"6a077944da21ff7b46d7f198","query":{}}
{"timestamp":"2026-05-15T19:58:02.585Z","method":"GET","path":"/trends","statusCode":304,"durationMs":2701.98,"userId":"6a077944da21ff7b46d7f198","query":{}}
{"timestamp":"2026-05-15T19:58:02.605Z","method":"GET","path":"/sentiment-trend","statusCode":304,"durationMs":3037.17,"userId":"6a077944da21ff7b46d7f198","query":{"days":"7"}}
{"timestamp":"2026-05-15T19:58:04.869Z","method":"GET","path":"/summary","statusCode":304,"durationMs":2634.59,"userId":"6a077944da21ff7b46d7f198","query":{}}
{"timestamp":"2026-05-15T19:58:05.674Z","method":"GET","path":"/sentiment-trend","statusCode":304,"durationMs":3060.47,"userId":"6a077944da21ff7b46d7f198","query":{"days":"7"}}
{"timestamp":"2026-05-15T19:58:17.948Z","method":"POST","path":"/login","statusCode":200,"durationMs":1398.54,"userId":"anonymous","query":{}}
{"timestamp":"2026-05-15T19:58:18.708Z","method":"GET","path":"/churn-distribution","statusCode":304,"durationMs":616.11,"userId":"6a077944da21ff7b46d7f198","query":{}}
{"timestamp":"2026-05-15T19:58:19.043Z","method":"GET","path":"/","statusCode":304,"durationMs":635.24,"userId":"6a077944da21ff7b46d7f198","query":{}}
{"timestamp":"2026-05-15T19:58:19.316Z","method":"GET","path":"/churn-distribution","statusCode":304,"durationMs":593.34,"userId":"6a077944da21ff7b46d7f198","query":{}}
{"timestamp":"2026-05-15T19:58:20.503Z","method":"GET","path":"/summary","statusCode":304,"durationMs":2417.97,"userId":"6a077944da21ff7b46d7f198","query":{}}
{"timestamp":"2026-05-15T19:58:21.008Z","method":"GET","path":"/trends","statusCode":304,"durationMs":2594.67,"userId":"6a077944da21ff7b46d7f198","query":{}}
{"timestamp":"2026-05-15T19:58:21.386Z","method":"GET","path":"/sentiment-trend","statusCode":304,"durationMs":3297.93,"userId":"6a077944da21ff7b46d7f198","query":{"days":"7"}}
{"timestamp":"2026-05-15T19:58:22.965Z","method":"GET","path":"/summary","statusCode":304,"durationMs":2453.64,"userId":"6a077944da21ff7b46d7f198","query":{}}
{"timestamp":"2026-05-15T19:58:24.875Z","method":"GET","path":"/sentiment-trend","statusCode":304,"durationMs":3479.37,"userId":"6a077944da21ff7b46d7f198","query":{"days":"7"}}
{"timestamp":"2026-05-16T08:51:44.121Z","method":"POST","path":"/register","statusCode":201,"durationMs":1514.07,"userId":"anonymous","query":{}}
{"timestamp":"2026-05-16T08:51:44.509Z","method":"POST","path":"/register","statusCode":400,"durationMs":323.06,"userId":"anonymous","query":{}}
{"timestamp":"2026-05-16T08:51:44.933Z","method":"POST","path":"/register","statusCode":500,"durationMs":412.29,"userId":"anonymous","query":{}}
{"timestamp":"2026-05-16T08:51:46.051Z","method":"POST","path":"/login","statusCode":200,"durationMs":1095.62,"userId":"anonymous","query":{}}
{"timestamp":"2026-05-16T08:51:47.256Z","method":"POST","path":"/login","statusCode":401,"durationMs":1190.48,"userId":"anonymous","query":{}}
{"timestamp":"2026-05-16T08:51:47.587Z","method":"POST","path":"/login","statusCode":401,"durationMs":318.72,"userId":"anonymous","query":{}}
{"timestamp":"2026-05-16T08:51:48.589Z","method":"POST","path":"/login","statusCode":200,"durationMs":977.64,"userId":"anonymous","query":{}}
{"timestamp":"2026-05-16T08:51:49.290Z","method":"GET","path":"/me","statusCode":200,"durationMs":692.1,"userId":"6a08301fe801b1309632e64e","query":{}}
{"timestamp":"2026-05-16T08:51:49.343Z","method":"GET","path":"/me","statusCode":401,"durationMs":0.93,"userId":"anonymous","query":{}}
{"timestamp":"2026-05-16T08:51:50.046Z","method":"POST","path":"/forgot-password","statusCode":200,"durationMs":673.12,"userId":"anonymous","query":{}}
{"timestamp":"2026-05-16T08:51:51.423Z","method":"POST","path":"/reset-password/edc0ee5dc51ff670b611362ca9cc5221289ab0032ddd785487d4d3b61d5f08dc","statusCode":200,"durationMs":1350.82,"userId":"anonymous","query":{}}
{"timestamp":"2026-05-16T08:51:52.432Z","method":"POST","path":"/login","statusCode":200,"durationMs":970.25,"userId":"anonymous","query":{}}
{"timestamp":"2026-05-16T09:17:37.421Z","method":"POST","path":"/register","statusCode":201,"durationMs":3408,"userId":"anonymous","query":{}}
{"timestamp":"2026-05-16T09:17:40.823Z","method":"POST","path":"/forgot-password","statusCode":200,"durationMs":3378.82,"userId":"anonymous","query":{}}
{"timestamp":"2026-05-16T09:17:42.021Z","method":"POST","path":"/reset-password/dd5fcabf5d0b33570d0853bf7001c6668c091fc42f91d035f3ad08275cc0418c","statusCode":200,"durationMs":1170.29,"userId":"anonymous","query":{}}
{"timestamp":"2026-05-16T09:17:42.854Z","method":"POST","path":"/69fa12d3f6423201437677af/interactions","statusCode":401,"durationMs":2.15,"userId":"anonymous","query":{}}
{"timestamp":"2026-05-16T09:18:11.379Z","method":"POST","path":"/register","statusCode":201,"durationMs":1134.4,"userId":"anonymous","query":{}}
{"timestamp":"2026-05-16T09:18:11.724Z","method":"POST","path":"/register","statusCode":400,"durationMs":322.55,"userId":"anonymous","query":{}}
{"timestamp":"2026-05-16T09:18:12.067Z","method":"POST","path":"/register","statusCode":500,"durationMs":305.49,"userId":"anonymous","query":{}}
{"timestamp":"2026-05-16T09:18:12.938Z","method":"POST","path":"/login","statusCode":200,"durationMs":836.09,"userId":"anonymous","query":{}}
{"timestamp":"2026-05-16T09:18:13.743Z","method":"POST","path":"/login","statusCode":401,"durationMs":798.39,"userId":"anonymous","query":{}}
{"timestamp":"2026-05-16T09:18:14.042Z","method":"POST","path":"/login","statusCode":401,"durationMs":290.33,"userId":"anonymous","query":{}}
{"timestamp":"2026-05-16T09:18:14.874Z","method":"POST","path":"/login","statusCode":200,"durationMs":819.39,"userId":"anonymous","query":{}}
{"timestamp":"2026-05-16T09:18:15.523Z","method":"GET","path":"/me","statusCode":200,"durationMs":645.51,"userId":"6a083652d54d33b2c231d196","query":{}}
{"timestamp":"2026-05-16T09:18:15.560Z","method":"GET","path":"/me","statusCode":401,"durationMs":1.65,"userId":"anonymous","query":{}}
{"timestamp":"2026-05-16T09:18:16.340Z","method":"POST","path":"/forgot-password","statusCode":200,"durationMs":740.1,"userId":"anonymous","query":{}}
{"timestamp":"2026-05-16T09:18:17.871Z","method":"POST","path":"/reset-password/10e97f163b69f1f02e56b4454b9cf43e65a83759dd7071af38289714c946efe0","statusCode":200,"durationMs":1506.64,"userId":"anonymous","query":{}}
{"timestamp":"2026-05-16T09:18:18.895Z","method":"POST","path":"/login","statusCode":200,"durationMs":1006.09,"userId":"anonymous","query":{}}
{"timestamp":"2026-05-16T11:07:27.141Z","method":"POST","path":"/register","statusCode":500,"durationMs":326.94,"userId":"anonymous","query":{}}
{"timestamp":"2026-05-16T11:07:33.885Z","method":"POST","path":"/login","statusCode":401,"durationMs":286.49,"userId":"anonymous","query":{}}
{"timestamp":"2026-05-16T11:07:42.562Z","method":"POST","path":"/login","statusCode":401,"durationMs":286.7,"userId":"anonymous","query":{}}
{"timestamp":"2026-05-16T11:32:13.752Z","method":"POST","path":"/register","statusCode":201,"durationMs":1035.99,"userId":"anonymous","query":{}}
{"timestamp":"2026-05-16T11:32:15.073Z","method":"POST","path":"/login","statusCode":200,"durationMs":710.48,"userId":"anonymous","query":{}}
{"timestamp":"2026-05-16T11:32:19.016Z","method":"GET","path":"/me","statusCode":200,"durationMs":642.2,"userId":"6a0855bdda21ff7b46d7f19d","query":{}}
{"timestamp":"2026-05-16T11:37:50.671Z","method":"POST","path":"/login","statusCode":200,"durationMs":697.01,"userId":"anonymous","query":{}}
{"timestamp":"2026-05-16T11:37:52.089Z","method":"POST","path":"/register","statusCode":201,"durationMs":939.34,"userId":"anonymous","query":{}}
{"timestamp":"2026-05-16T11:44:55.368Z","method":"POST","path":"/login","statusCode":200,"durationMs":751.48,"userId":"anonymous","query":{}}
{"timestamp":"2026-05-16T11:44:57.619Z","method":"GET","path":"/churn-distribution","statusCode":200,"durationMs":1881.96,"userId":"6a077944da21ff7b46d7f198","query":{}}
{"timestamp":"2026-05-16T11:44:57.633Z","method":"GET","path":"/","statusCode":200,"durationMs":1855.34,"userId":"6a077944da21ff7b46d7f198","query":{}}
{"timestamp":"2026-05-16T11:44:58.274Z","method":"GET","path":"/churn-distribution","statusCode":304,"durationMs":634.43,"userId":"6a077944da21ff7b46d7f198","query":{}}
{"timestamp":"2026-05-16T11:44:58.895Z","method":"GET","path":"/summary","statusCode":200,"durationMs":3162.58,"userId":"6a077944da21ff7b46d7f198","query":{}}
{"timestamp":"2026-05-16T11:44:59.230Z","method":"GET","path":"/trends","statusCode":200,"durationMs":3449.71,"userId":"6a077944da21ff7b46d7f198","query":{}}
{"timestamp":"2026-05-16T11:45:01.062Z","method":"GET","path":"/sentiment-trend","statusCode":200,"durationMs":5328.02,"userId":"6a077944da21ff7b46d7f198","query":{"days":"7"}}
{"timestamp":"2026-05-16T11:45:01.378Z","method":"GET","path":"/summary","statusCode":304,"durationMs":2475.19,"userId":"6a077944da21ff7b46d7f198","query":{}}
{"timestamp":"2026-05-16T11:45:04.171Z","method":"GET","path":"/sentiment-trend","statusCode":304,"durationMs":3092.76,"userId":"6a077944da21ff7b46d7f198","query":{"days":"7"}}
{"timestamp":"2026-05-16T11:45:15.920Z","method":"PUT","path":"/preferences","statusCode":200,"durationMs":930.77,"userId":"6a077944da21ff7b46d7f198","query":{}}
{"timestamp":"2026-05-16T11:45:19.131Z","method":"PUT","path":"/preferences","statusCode":200,"durationMs":920.12,"userId":"6a077944da21ff7b46d7f198","query":{}}
{"timestamp":"2026-05-16T11:45:27.788Z","method":"POST","path":"/export/dashboard","statusCode":500,"durationMs":7410.7,"userId":"6a077944da21ff7b46d7f198","query":{}}
{"timestamp":"2026-05-16T11:45:37.689Z","method":"PUT","path":"/preferences","statusCode":200,"durationMs":919.69,"userId":"6a077944da21ff7b46d7f198","query":{}}
{"timestamp":"2026-05-16T11:45:38.754Z","method":"PUT","path":"/preferences","statusCode":200,"durationMs":922.1,"userId":"6a077944da21ff7b46d7f198","query":{}}
{"timestamp":"2026-05-16T11:45:41.057Z","method":"GET","path":"/","statusCode":200,"durationMs":924.08,"userId":"6a077944da21ff7b46d7f198","query":{}}
{"timestamp":"2026-05-16T11:45:47.248Z","method":"GET","path":"/","statusCode":200,"durationMs":919.76,"userId":"6a077944da21ff7b46d7f198","query":{"search":"","status":""}}
{"timestamp":"2026-05-16T11:45:49.103Z","method":"GET","path":"/churn-distribution","statusCode":304,"durationMs":606.4,"userId":"6a077944da21ff7b46d7f198","query":{}}
{"timestamp":"2026-05-16T11:45:49.135Z","method":"GET","path":"/","statusCode":304,"durationMs":623.84,"userId":"6a077944da21ff7b46d7f198","query":{}}
{"timestamp":"2026-05-16T11:45:49.748Z","method":"GET","path":"/churn-distribution","statusCode":304,"durationMs":624.16,"userId":"6a077944da21ff7b46d7f198","query":{}}
{"timestamp":"2026-05-16T11:45:50.958Z","method":"GET","path":"/summary","statusCode":304,"durationMs":2466.07,"userId":"6a077944da21ff7b46d7f198","query":{}}
{"timestamp":"2026-05-16T11:45:51.136Z","method":"GET","path":"/trends","statusCode":304,"durationMs":2623.42,"userId":"6a077944da21ff7b46d7f198","query":{}}
{"timestamp":"2026-05-16T11:45:52.581Z","method":"GET","path":"/sentiment-trend","statusCode":304,"durationMs":4086.95,"userId":"6a077944da21ff7b46d7f198","query":{"days":"7"}}
{"timestamp":"2026-05-16T11:45:53.441Z","method":"GET","path":"/summary","statusCode":304,"durationMs":2468.86,"userId":"6a077944da21ff7b46d7f198","query":{}}
{"timestamp":"2026-05-16T11:45:55.744Z","method":"GET","path":"/sentiment-trend","statusCode":304,"durationMs":3148.55,"userId":"6a077944da21ff7b46d7f198","query":{"days":"7"}}
{"timestamp":"2026-05-16T11:46:16.238Z","method":"PUT","path":"/preferences","statusCode":200,"durationMs":941.49,"userId":"6a077944da21ff7b46d7f198","query":{}}
{"timestamp":"2026-05-16T11:46:17.266Z","method":"GET","path":"/churn-distribution","statusCode":304,"durationMs":627.58,"userId":"6a077944da21ff7b46d7f198","query":{}}
{"timestamp":"2026-05-16T11:46:17.908Z","method":"GET","path":"/churn-distribution","statusCode":304,"durationMs":631.34,"userId":"6a077944da21ff7b46d7f198","query":{}}
{"timestamp":"2026-05-16T11:46:19.147Z","method":"GET","path":"/summary","statusCode":304,"durationMs":2517.77,"userId":"6a077944da21ff7b46d7f198","query":{}}
{"timestamp":"2026-05-16T11:46:19.758Z","method":"GET","path":"/sentiment-trend","statusCode":304,"durationMs":3122.24,"userId":"6a077944da21ff7b46d7f198","query":{"days":"7"}}
{"timestamp":"2026-05-16T11:46:21.671Z","method":"GET","path":"/summary","statusCode":304,"durationMs":2515.72,"userId":"6a077944da21ff7b46d7f198","query":{}}
{"timestamp":"2026-05-16T11:46:22.889Z","method":"GET","path":"/sentiment-trend","statusCode":304,"durationMs":3124.41,"userId":"6a077944da21ff7b46d7f198","query":{"days":"7"}}
{"timestamp":"2026-05-16T11:46:26.413Z","method":"GET","path":"/","statusCode":304,"durationMs":933.97,"userId":"6a077944da21ff7b46d7f198","query":{}}
{"timestamp":"2026-05-16T11:46:33.003Z","method":"GET","path":"/6a077982da21ff7b46d7f199","statusCode":200,"durationMs":926.27,"userId":"6a077944da21ff7b46d7f198","query":{}}
{"timestamp":"2026-05-16T11:46:33.323Z","method":"GET","path":"/","statusCode":200,"durationMs":1256,"userId":"6a077944da21ff7b46d7f198","query":{}}
{"timestamp":"2026-05-16T11:46:34.578Z","method":"GET","path":"/","statusCode":304,"durationMs":1246.65,"userId":"6a077944da21ff7b46d7f198","query":{}}
{"timestamp":"2026-05-16T11:47:00.321Z","method":"POST","path":"/query","statusCode":200,"durationMs":2061.6,"userId":"6a077944da21ff7b46d7f198","query":{}}
{"timestamp":"2026-05-16T11:47:44.312Z","method":"GET","path":"/churn-distribution","statusCode":304,"durationMs":604.94,"userId":"6a077944da21ff7b46d7f198","query":{}}
{"timestamp":"2026-05-16T11:47:44.944Z","method":"GET","path":"/churn-distribution","statusCode":304,"durationMs":623.61,"userId":"6a077944da21ff7b46d7f198","query":{}}
{"timestamp":"2026-05-16T11:47:46.209Z","method":"GET","path":"/summary","statusCode":304,"durationMs":2505.31,"userId":"6a077944da21ff7b46d7f198","query":{}}
{"timestamp":"2026-05-16T11:47:46.858Z","method":"GET","path":"/sentiment-trend","statusCode":304,"durationMs":3151.35,"userId":"6a077944da21ff7b46d7f198","query":{"days":"7"}}
{"timestamp":"2026-05-16T11:47:48.746Z","method":"GET","path":"/summary","statusCode":304,"durationMs":2517.35,"userId":"6a077944da21ff7b46d7f198","query":{}}
{"timestamp":"2026-05-16T11:47:49.112Z","method":"GET","path":"/","statusCode":304,"durationMs":581.2,"userId":"6a077944da21ff7b46d7f198","query":{}}
{"timestamp":"2026-05-16T11:47:49.129Z","method":"GET","path":"/churn-distribution","statusCode":304,"durationMs":617.13,"userId":"6a077944da21ff7b46d7f198","query":{}}
{"timestamp":"2026-05-16T11:47:49.763Z","method":"GET","path":"/churn-distribution","statusCode":304,"durationMs":625.94,"userId":"6a077944da21ff7b46d7f198","query":{}}
{"timestamp":"2026-05-16T11:47:50.034Z","method":"GET","path":"/sentiment-trend","statusCode":304,"durationMs":3157.9,"userId":"6a077944da21ff7b46d7f198","query":{"days":"7"}}
{"timestamp":"2026-05-16T11:47:51.268Z","method":"GET","path":"/summary","statusCode":304,"durationMs":2514.91,"userId":"6a077944da21ff7b46d7f198","query":{}}
{"timestamp":"2026-05-16T11:47:51.353Z","method":"GET","path":"/trends","statusCode":304,"durationMs":2820.46,"userId":"6a077944da21ff7b46d7f198","query":{}}
{"timestamp":"2026-05-16T11:47:53.201Z","method":"GET","path":"/sentiment-trend","statusCode":304,"durationMs":3154.94,"userId":"6a077944da21ff7b46d7f198","query":{"days":"7"}}
{"timestamp":"2026-05-16T11:47:53.790Z","method":"GET","path":"/summary","statusCode":304,"durationMs":2512.39,"userId":"6a077944da21ff7b46d7f198","query":{}}
{"timestamp":"2026-05-16T11:47:56.368Z","method":"GET","path":"/sentiment-trend","statusCode":304,"durationMs":3152.29,"userId":"6a077944da21ff7b46d7f198","query":{"days":"7"}}
{"timestamp":"2026-05-16T11:48:12.731Z","method":"POST","path":"/login","statusCode":401,"durationMs":747.09,"userId":"anonymous","query":{}}
{"timestamp":"2026-05-16T11:48:54.508Z","method":"POST","path":"/login","statusCode":200,"durationMs":727.8,"userId":"anonymous","query":{}}
{"timestamp":"2026-05-16T11:48:55.505Z","method":"GET","path":"/churn-distribution","statusCode":200,"durationMs":621.83,"userId":"6a05e39cb8978940d99fb584","query":{}}
{"timestamp":"2026-05-16T11:48:55.522Z","method":"GET","path":"/","statusCode":304,"durationMs":628.25,"userId":"6a05e39cb8978940d99fb584","query":{}}
{"timestamp":"2026-05-16T11:48:56.115Z","method":"GET","path":"/churn-distribution","statusCode":304,"durationMs":601.34,"userId":"6a05e39cb8978940d99fb584","query":{}}
{"timestamp":"2026-05-16T11:48:57.378Z","method":"GET","path":"/summary","statusCode":200,"durationMs":2533.98,"userId":"6a05e39cb8978940d99fb584","query":{}}
{"timestamp":"2026-05-16T11:48:57.696Z","method":"GET","path":"/trends","statusCode":200,"durationMs":2808.27,"userId":"6a05e39cb8978940d99fb584","query":{}}
{"timestamp":"2026-05-16T11:48:58.003Z","method":"GET","path":"/sentiment-trend","statusCode":200,"durationMs":3157.79,"userId":"6a05e39cb8978940d99fb584","query":{"days":"7"}}
{"timestamp":"2026-05-16T11:49:00.211Z","method":"GET","path":"/summary","statusCode":304,"durationMs":2504.84,"userId":"6a05e39cb8978940d99fb584","query":{}}
{"timestamp":"2026-05-16T11:49:01.486Z","method":"GET","path":"/sentiment-trend","statusCode":304,"durationMs":3166.79,"userId":"6a05e39cb8978940d99fb584","query":{"days":"7"}}
{"timestamp":"2026-05-16T11:49:16.131Z","method":"PUT","path":"/usage-log","statusCode":200,"durationMs":950.2,"userId":"6a05e39cb8978940d99fb584","query":{}}
{"timestamp":"2026-05-16T11:49:16.386Z","method":"PUT","path":"/usage-log","statusCode":200,"durationMs":941.7,"userId":"6a05e39cb8978940d99fb584","query":{}}
{"timestamp":"2026-05-16T11:49:16.538Z","method":"PUT","path":"/usage-log","statusCode":200,"durationMs":936.33,"userId":"6a05e39cb8978940d99fb584","query":{}}
{"timestamp":"2026-05-16T11:49:19.787Z","method":"GET","path":"/","statusCode":200,"durationMs":943.78,"userId":"6a05e39cb8978940d99fb584","query":{}}
{"timestamp":"2026-05-16T11:49:32.649Z","method":"GET","path":"/","statusCode":200,"durationMs":944.07,"userId":"6a05e39cb8978940d99fb584","query":{"search":"","status":"active"}}
{"timestamp":"2026-05-16T11:49:34.892Z","method":"GET","path":"/","statusCode":200,"durationMs":936.23,"userId":"6a05e39cb8978940d99fb584","query":{"search":"","status":"at_risk"}}
{"timestamp":"2026-05-16T11:49:37.211Z","method":"GET","path":"/","statusCode":200,"durationMs":622.93,"userId":"6a05e39cb8978940d99fb584","query":{"search":"","status":"inactive"}}
{"timestamp":"2026-05-16T11:49:41.002Z","method":"GET","path":"/churn-distribution","statusCode":304,"durationMs":638.82,"userId":"6a05e39cb8978940d99fb584","query":{}}
{"timestamp":"2026-05-16T11:49:41.961Z","method":"GET","path":"/churn-distribution","statusCode":304,"durationMs":625.89,"userId":"6a05e39cb8978940d99fb584","query":{}}
{"timestamp":"2026-05-16T11:49:42.563Z","method":"GET","path":"/summary","statusCode":304,"durationMs":2511.95,"userId":"6a05e39cb8978940d99fb584","query":{}}
{"timestamp":"2026-05-16T11:49:43.542Z","method":"GET","path":"/sentiment-trend","statusCode":304,"durationMs":3180.03,"userId":"6a05e39cb8978940d99fb584","query":{"days":"7"}}
{"timestamp":"2026-05-16T11:49:45.394Z","method":"GET","path":"/summary","statusCode":304,"durationMs":2516.02,"userId":"6a05e39cb8978940d99fb584","query":{}}
{"timestamp":"2026-05-16T11:49:47.010Z","method":"GET","path":"/sentiment-trend","statusCode":304,"durationMs":3154.01,"userId":"6a05e39cb8978940d99fb584","query":{"days":"7"}}
{"timestamp":"2026-05-16T11:49:48.581Z","method":"GET","path":"/","statusCode":200,"durationMs":636.36,"userId":"6a05e39cb8978940d99fb584","query":{}}
{"timestamp":"2026-05-16T11:49:49.228Z","method":"GET","path":"/","statusCode":304,"durationMs":638.93,"userId":"6a05e39cb8978940d99fb584","query":{}}
{"timestamp":"2026-05-16T11:49:56.707Z","method":"DELETE","path":"/69f893630178dfe46883b38e","statusCode":200,"durationMs":633.61,"userId":"6a05e39cb8978940d99fb584","query":{}}
{"timestamp":"2026-05-16T11:50:00.733Z","method":"PUT","path":"/preferences","statusCode":200,"durationMs":948.76,"userId":"6a05e39cb8978940d99fb584","query":{}}
{"timestamp":"2026-05-16T11:50:33.519Z","method":"GET","path":"/churn-distribution","statusCode":304,"durationMs":623.09,"userId":"6a05e39cb8978940d99fb584","query":{}}
{"timestamp":"2026-05-16T11:50:33.561Z","method":"GET","path":"/","statusCode":304,"durationMs":613.98,"userId":"6a05e39cb8978940d99fb584","query":{}}
{"timestamp":"2026-05-16T11:50:34.458Z","method":"GET","path":"/churn-distribution","statusCode":304,"durationMs":623.63,"userId":"6a05e39cb8978940d99fb584","query":{}}
{"timestamp":"2026-05-16T11:50:35.116Z","method":"GET","path":"/summary","statusCode":304,"durationMs":2521.01,"userId":"6a05e39cb8978940d99fb584","query":{}}
{"timestamp":"2026-05-16T11:50:35.629Z","method":"GET","path":"/trends","statusCode":304,"durationMs":2680.2,"userId":"6a05e39cb8978940d99fb584","query":{}}
{"timestamp":"2026-05-16T11:50:35.858Z","method":"GET","path":"/sentiment-trend","statusCode":304,"durationMs":3257.65,"userId":"6a05e39cb8978940d99fb584","query":{"days":"7"}}
{"timestamp":"2026-05-16T11:50:37.971Z","method":"GET","path":"/summary","statusCode":304,"durationMs":2526.96,"userId":"6a05e39cb8978940d99fb584","query":{}}
{"timestamp":"2026-05-16T11:50:39.477Z","method":"GET","path":"/sentiment-trend","statusCode":304,"durationMs":3297.66,"userId":"6a05e39cb8978940d99fb584","query":{"days":"7"}}
{"timestamp":"2026-05-16T11:50:40.529Z","method":"POST","path":"/export/dashboard","statusCode":500,"durationMs":4149.87,"userId":"6a05e39cb8978940d99fb584","query":{}}
{"timestamp":"2026-05-16T11:56:02.642Z","method":"POST","path":"/register","statusCode":201,"durationMs":1045.99,"userId":"anonymous","query":{}}
{"timestamp":"2026-05-16T11:56:16.448Z","method":"POST","path":"/login","statusCode":200,"durationMs":701.61,"userId":"anonymous","query":{}}
{"timestamp":"2026-05-16T11:56:17.779Z","method":"GET","path":"/","statusCode":304,"durationMs":630.58,"userId":"6a085b51da21ff7b46d7f19f","query":{}}
{"timestamp":"2026-05-16T11:56:17.782Z","method":"GET","path":"/churn-distribution","statusCode":200,"durationMs":636.7,"userId":"6a085b51da21ff7b46d7f19f","query":{}}
{"timestamp":"2026-05-16T11:56:18.414Z","method":"GET","path":"/churn-distribution","statusCode":304,"durationMs":620.55,"userId":"6a085b51da21ff7b46d7f19f","query":{}}
{"timestamp":"2026-05-16T11:56:19.358Z","method":"GET","path":"/summary","statusCode":200,"durationMs":2487.39,"userId":"6a085b51da21ff7b46d7f19f","query":{}}
{"timestamp":"2026-05-16T11:56:19.996Z","method":"GET","path":"/trends","statusCode":200,"durationMs":2843.38,"userId":"6a085b51da21ff7b46d7f19f","query":{}}
{"timestamp":"2026-05-16T11:56:20.173Z","method":"GET","path":"/sentiment-trend","statusCode":304,"durationMs":3118.41,"userId":"6a085b51da21ff7b46d7f19f","query":{"days":"7"}}
{"timestamp":"2026-05-16T11:56:22.193Z","method":"GET","path":"/summary","statusCode":304,"durationMs":2518.45,"userId":"6a085b51da21ff7b46d7f19f","query":{}}
{"timestamp":"2026-05-16T11:56:23.621Z","method":"GET","path":"/sentiment-trend","statusCode":304,"durationMs":3122.41,"userId":"6a085b51da21ff7b46d7f19f","query":{"days":"7"}}
{"timestamp":"2026-05-16T11:56:34.700Z","method":"GET","path":"/","statusCode":200,"durationMs":620.15,"userId":"6a085b51da21ff7b46d7f19f","query":{}}
{"timestamp":"2026-05-16T11:56:37.538Z","method":"GET","path":"/churn-distribution","statusCode":304,"durationMs":620.79,"userId":"6a085b51da21ff7b46d7f19f","query":{}}
{"timestamp":"2026-05-16T11:56:38.176Z","method":"GET","path":"/churn-distribution","statusCode":304,"durationMs":621.37,"userId":"6a085b51da21ff7b46d7f19f","query":{}}
{"timestamp":"2026-05-16T11:56:39.514Z","method":"GET","path":"/summary","statusCode":304,"durationMs":2599.62,"userId":"6a085b51da21ff7b46d7f19f","query":{}}
{"timestamp":"2026-05-16T11:56:40.167Z","method":"GET","path":"/sentiment-trend","statusCode":304,"durationMs":3250.93,"userId":"6a085b51da21ff7b46d7f19f","query":{"days":"7"}}
{"timestamp":"2026-05-16T11:56:42.361Z","method":"GET","path":"/summary","statusCode":304,"durationMs":2506.7,"userId":"6a085b51da21ff7b46d7f19f","query":{}}
{"timestamp":"2026-05-16T11:56:42.605Z","method":"GET","path":"/churn-distribution","statusCode":304,"durationMs":621.24,"userId":"6a085b51da21ff7b46d7f19f","query":{}}
{"timestamp":"2026-05-16T11:56:42.898Z","method":"GET","path":"/","statusCode":304,"durationMs":585.24,"userId":"6a085b51da21ff7b46d7f19f","query":{}}
{"timestamp":"2026-05-16T11:56:43.516Z","method":"GET","path":"/churn-distribution","statusCode":304,"durationMs":600.23,"userId":"6a085b51da21ff7b46d7f19f","query":{}}
{"timestamp":"2026-05-16T11:56:43.653Z","method":"GET","path":"/sentiment-trend","statusCode":304,"durationMs":3163.25,"userId":"6a085b51da21ff7b46d7f19f","query":{"days":"7"}}
{"timestamp":"2026-05-16T11:56:45.155Z","method":"GET","path":"/summary","statusCode":304,"durationMs":2477.52,"userId":"6a085b51da21ff7b46d7f19f","query":{}}
{"timestamp":"2026-05-16T11:56:46.644Z","method":"GET","path":"/trends","statusCode":304,"durationMs":4328.04,"userId":"6a085b51da21ff7b46d7f19f","query":{}}
{"timestamp":"2026-05-16T11:56:47.146Z","method":"GET","path":"/sentiment-trend","statusCode":304,"durationMs":3177.88,"userId":"6a085b51da21ff7b46d7f19f","query":{"days":"7"}}
{"timestamp":"2026-05-16T11:56:47.951Z","method":"GET","path":"/summary","statusCode":304,"durationMs":2481.71,"userId":"6a085b51da21ff7b46d7f19f","query":{}}
{"timestamp":"2026-05-16T11:56:50.719Z","method":"GET","path":"/sentiment-trend","statusCode":304,"durationMs":3257.31,"userId":"6a085b51da21ff7b46d7f19f","query":{"days":"7"}}
{"timestamp":"2026-05-16T11:57:03.703Z","method":"GET","path":"/","statusCode":304,"durationMs":649.84,"userId":"6a085b51da21ff7b46d7f19f","query":{}}
{"timestamp":"2026-05-16T11:58:54.895Z","method":"GET","path":"/churn-distribution","statusCode":304,"durationMs":621.69,"userId":"6a085b51da21ff7b46d7f19f","query":{}}
{"timestamp":"2026-05-16T11:58:55.521Z","method":"GET","path":"/churn-distribution","statusCode":304,"durationMs":620.95,"userId":"6a085b51da21ff7b46d7f19f","query":{}}
{"timestamp":"2026-05-16T11:58:56.863Z","method":"GET","path":"/summary","statusCode":304,"durationMs":2596.9,"userId":"6a085b51da21ff7b46d7f19f","query":{}}
{"timestamp":"2026-05-16T11:58:57.427Z","method":"GET","path":"/sentiment-trend","statusCode":304,"durationMs":3159.03,"userId":"6a085b51da21ff7b46d7f19f","query":{"days":"7"}}
{"timestamp":"2026-05-16T11:58:59.751Z","method":"GET","path":"/","statusCode":304,"durationMs":633.03,"userId":"6a085b51da21ff7b46d7f19f","query":{}}
{"timestamp":"2026-05-16T11:58:59.762Z","method":"GET","path":"/churn-distribution","statusCode":304,"durationMs":648.54,"userId":"6a085b51da21ff7b46d7f19f","query":{}}
{"timestamp":"2026-05-16T11:58:59.786Z","method":"GET","path":"/summary","statusCode":304,"durationMs":2614.48,"userId":"6a085b51da21ff7b46d7f19f","query":{}}
{"timestamp":"2026-05-16T11:59:00.735Z","method":"GET","path":"/churn-distribution","statusCode":304,"durationMs":648.38,"userId":"6a085b51da21ff7b46d7f19f","query":{}}
{"timestamp":"2026-05-16T11:59:00.920Z","method":"GET","path":"/sentiment-trend","statusCode":304,"durationMs":3182.14,"userId":"6a085b51da21ff7b46d7f19f","query":{"days":"7"}}
{"timestamp":"2026-05-16T11:59:01.758Z","method":"GET","path":"/trends","statusCode":304,"durationMs":2637.77,"userId":"6a085b51da21ff7b46d7f19f","query":{}}
{"timestamp":"2026-05-16T11:59:02.569Z","method":"GET","path":"/summary","statusCode":304,"durationMs":2465.5,"userId":"6a085b51da21ff7b46d7f19f","query":{}}
{"timestamp":"2026-05-16T11:59:04.407Z","method":"GET","path":"/sentiment-trend","statusCode":304,"durationMs":3169.87,"userId":"6a085b51da21ff7b46d7f19f","query":{"days":"7"}}
{"timestamp":"2026-05-16T11:59:05.350Z","method":"GET","path":"/summary","statusCode":304,"durationMs":2468.51,"userId":"6a085b51da21ff7b46d7f19f","query":{}}
{"timestamp":"2026-05-16T11:59:07.920Z","method":"GET","path":"/sentiment-trend","statusCode":304,"durationMs":3186,"userId":"6a085b51da21ff7b46d7f19f","query":{"days":"7"}}
{"timestamp":"2026-05-16T11:59:13.455Z","method":"POST","path":"/export/dashboard","statusCode":500,"durationMs":7548.71,"userId":"6a085b51da21ff7b46d7f19f","query":{}}
{"timestamp":"2026-05-16T12:05:27.862Z","method":"POST","path":"/login","statusCode":200,"durationMs":825.22,"userId":"anonymous","query":{}}
{"timestamp":"2026-05-16T12:05:28.888Z","method":"GET","path":"/churn-distribution","statusCode":304,"durationMs":640.61,"userId":"6a085b51da21ff7b46d7f19f","query":{}}
{"timestamp":"2026-05-16T12:05:28.904Z","method":"GET","path":"/","statusCode":304,"durationMs":621.04,"userId":"6a085b51da21ff7b46d7f19f","query":{}}
{"timestamp":"2026-05-16T12:05:29.849Z","method":"GET","path":"/churn-distribution","statusCode":304,"durationMs":633.34,"userId":"6a085b51da21ff7b46d7f19f","query":{}}
{"timestamp":"2026-05-16T12:05:30.705Z","method":"GET","path":"/summary","statusCode":304,"durationMs":2465.88,"userId":"6a085b51da21ff7b46d7f19f","query":{}}
{"timestamp":"2026-05-16T12:05:30.870Z","method":"GET","path":"/trends","statusCode":304,"durationMs":2585.97,"userId":"6a085b51da21ff7b46d7f19f","query":{}}
{"timestamp":"2026-05-16T12:05:31.490Z","method":"GET","path":"/sentiment-trend","statusCode":304,"durationMs":3244.33,"userId":"6a085b51da21ff7b46d7f19f","query":{"days":"7"}}
{"timestamp":"2026-05-16T12:05:33.338Z","method":"GET","path":"/summary","statusCode":304,"durationMs":2311.63,"userId":"6a085b51da21ff7b46d7f19f","query":{}}
{"timestamp":"2026-05-16T12:05:35.044Z","method":"GET","path":"/sentiment-trend","statusCode":304,"durationMs":3234.03,"userId":"6a085b51da21ff7b46d7f19f","query":{"days":"7"}}
{"timestamp":"2026-05-16T12:05:45.692Z","method":"POST","path":"/login","statusCode":401,"durationMs":323.16,"userId":"anonymous","query":{}}
{"timestamp":"2026-05-16T12:05:51.438Z","method":"POST","path":"/login","statusCode":401,"durationMs":320.83,"userId":"anonymous","query":{}}
{"timestamp":"2026-05-16T12:06:00.785Z","method":"POST","path":"/login","statusCode":401,"durationMs":320.31,"userId":"anonymous","query":{}}
{"timestamp":"2026-05-16T12:06:11.314Z","method":"POST","path":"/login","statusCode":200,"durationMs":745.03,"userId":"anonymous","query":{}}
{"timestamp":"2026-05-16T12:06:12.317Z","method":"GET","path":"/","statusCode":304,"durationMs":619.68,"userId":"6a077944da21ff7b46d7f198","query":{}}
{"timestamp":"2026-05-16T12:06:12.325Z","method":"GET","path":"/churn-distribution","statusCode":200,"durationMs":647.69,"userId":"6a077944da21ff7b46d7f198","query":{}}
{"timestamp":"2026-05-16T12:06:12.975Z","method":"GET","path":"/churn-distribution","statusCode":304,"durationMs":644.3,"userId":"6a077944da21ff7b46d7f198","query":{}}
{"timestamp":"2026-05-16T12:06:14.245Z","method":"GET","path":"/summary","statusCode":200,"durationMs":2577.07,"userId":"6a077944da21ff7b46d7f198","query":{}}
{"timestamp":"2026-05-16T12:06:14.254Z","method":"GET","path":"/trends","statusCode":304,"durationMs":2562.82,"userId":"6a077944da21ff7b46d7f198","query":{}}
{"timestamp":"2026-05-16T12:06:14.866Z","method":"GET","path":"/sentiment-trend","statusCode":304,"durationMs":3196.54,"userId":"6a077944da21ff7b46d7f198","query":{"days":"7"}}
{"timestamp":"2026-05-16T12:06:16.907Z","method":"GET","path":"/summary","statusCode":304,"durationMs":2345.52,"userId":"6a077944da21ff7b46d7f198","query":{}}
{"timestamp":"2026-05-16T12:06:18.350Z","method":"GET","path":"/sentiment-trend","statusCode":304,"durationMs":3164.51,"userId":"6a077944da21ff7b46d7f198","query":{"days":"7"}}
{"timestamp":"2026-05-16T12:06:23.649Z","method":"GET","path":"/","statusCode":200,"durationMs":948.15,"userId":"6a077944da21ff7b46d7f198","query":{}}
{"timestamp":"2026-05-16T12:36:20.796Z","method":"POST","path":"/login","statusCode":200,"durationMs":773.7,"userId":"anonymous","query":{}}
{"timestamp":"2026-05-16T12:36:22.422Z","method":"GET","path":"/api/dashboard/admin-overview","statusCode":404,"durationMs":881.83,"userId":"6a05e39cb8978940d99fb584","query":{}}
{"timestamp":"2026-05-16T12:36:23.039Z","method":"GET","path":"/churn-distribution","statusCode":200,"durationMs":1855.67,"userId":"6a05e39cb8978940d99fb584","query":{}}
{"timestamp":"2026-05-16T12:36:23.114Z","method":"GET","path":"/","statusCode":304,"durationMs":1892.9,"userId":"6a05e39cb8978940d99fb584","query":{}}
{"timestamp":"2026-05-16T12:36:24.209Z","method":"GET","path":"/summary","statusCode":200,"durationMs":3035.13,"userId":"6a05e39cb8978940d99fb584","query":{}}
{"timestamp":"2026-05-16T12:36:24.959Z","method":"GET","path":"/churn-distribution","statusCode":304,"durationMs":1597.65,"userId":"6a05e39cb8978940d99fb584","query":{}}
{"timestamp":"2026-05-16T12:36:25.208Z","method":"GET","path":"/trends","statusCode":200,"durationMs":3672.65,"userId":"6a05e39cb8978940d99fb584","query":{}}
{"timestamp":"2026-05-16T12:36:25.673Z","method":"GET","path":"/sentiment-trend","statusCode":304,"durationMs":4491.78,"userId":"6a05e39cb8978940d99fb584","query":{"days":"7"}}
{"timestamp":"2026-05-16T12:36:26.814Z","method":"GET","path":"/summary","statusCode":304,"durationMs":2288.56,"userId":"6a05e39cb8978940d99fb584","query":{}}
{"timestamp":"2026-05-16T12:36:29.100Z","method":"GET","path":"/sentiment-trend","statusCode":304,"durationMs":3113.73,"userId":"6a05e39cb8978940d99fb584","query":{"days":"7"}}
{"timestamp":"2026-05-16T12:36:29.893Z","method":"PUT","path":"/preferences","statusCode":200,"durationMs":973.4,"userId":"6a05e39cb8978940d99fb584","query":{}}
{"timestamp":"2026-05-16T12:37:14.100Z","method":"PUT","path":"/usage-log","statusCode":200,"durationMs":974.44,"userId":"6a05e39cb8978940d99fb584","query":{}}
{"timestamp":"2026-05-16T12:37:14.250Z","method":"GET","path":"/69fa2814f6423201437677b0","statusCode":200,"durationMs":898.25,"userId":"6a05e39cb8978940d99fb584","query":{}}
{"timestamp":"2026-05-16T12:37:14.502Z","method":"GET","path":"/","statusCode":200,"durationMs":1243.53,"userId":"6a05e39cb8978940d99fb584","query":{}}
{"timestamp":"2026-05-16T12:37:15.751Z","method":"GET","path":"/","statusCode":304,"durationMs":1244.11,"userId":"6a05e39cb8978940d99fb584","query":{}}
{"timestamp":"2026-05-16T12:37:22.428Z","method":"GET","path":"/api/dashboard/admin-overview","statusCode":404,"durationMs":278.16,"userId":"6a05e39cb8978940d99fb584","query":{}}
{"timestamp":"2026-05-16T12:37:22.727Z","method":"GET","path":"/churn-distribution","statusCode":304,"durationMs":583.67,"userId":"6a05e39cb8978940d99fb584","query":{}}
{"timestamp":"2026-05-16T12:37:22.803Z","method":"GET","path":"/","statusCode":304,"durationMs":657.45,"userId":"6a05e39cb8978940d99fb584","query":{}}
{"timestamp":"2026-05-16T12:37:23.715Z","method":"GET","path":"/churn-distribution","statusCode":304,"durationMs":663.88,"userId":"6a05e39cb8978940d99fb584","query":{}}
{"timestamp":"2026-05-16T12:37:24.327Z","method":"GET","path":"/summary","statusCode":304,"durationMs":2520.43,"userId":"6a05e39cb8978940d99fb584","query":{}}
{"timestamp":"2026-05-16T12:37:24.797Z","method":"GET","path":"/trends","statusCode":304,"durationMs":2648.92,"userId":"6a05e39cb8978940d99fb584","query":{}}
{"timestamp":"2026-05-16T12:37:25.725Z","method":"GET","path":"/sentiment-trend","statusCode":304,"durationMs":3913.35,"userId":"6a05e39cb8978940d99fb584","query":{"days":"7"}}
{"timestamp":"2026-05-16T12:37:27.278Z","method":"GET","path":"/summary","statusCode":304,"durationMs":2638.8,"userId":"6a05e39cb8978940d99fb584","query":{}}
{"timestamp":"2026-05-16T12:37:29.013Z","method":"GET","path":"/sentiment-trend","statusCode":304,"durationMs":2975.6,"userId":"6a05e39cb8978940d99fb584","query":{"days":"7"}}
{"timestamp":"2026-05-16T12:37:34.861Z","method":"GET","path":"/","statusCode":200,"durationMs":892.45,"userId":"6a05e39cb8978940d99fb584","query":{}}
{"timestamp":"2026-05-16T12:37:39.999Z","method":"GET","path":"/churn-distribution","statusCode":304,"durationMs":608.65,"userId":"6a05e39cb8978940d99fb584","query":{}}
{"timestamp":"2026-05-16T12:37:40.900Z","method":"GET","path":"/churn-distribution","statusCode":304,"durationMs":590.79,"userId":"6a05e39cb8978940d99fb584","query":{}}
{"timestamp":"2026-05-16T12:37:41.783Z","method":"GET","path":"/summary","statusCode":304,"durationMs":2398.58,"userId":"6a05e39cb8978940d99fb584","query":{}}
{"timestamp":"2026-05-16T12:37:42.660Z","method":"GET","path":"/sentiment-trend","statusCode":304,"durationMs":3272.69,"userId":"6a05e39cb8978940d99fb584","query":{"days":"7"}}
{"timestamp":"2026-05-16T12:37:44.486Z","method":"GET","path":"/summary","statusCode":304,"durationMs":2384.65,"userId":"6a05e39cb8978940d99fb584","query":{}}
{"timestamp":"2026-05-16T12:37:46.267Z","method":"GET","path":"/sentiment-trend","statusCode":304,"durationMs":3288.46,"userId":"6a05e39cb8978940d99fb584","query":{"days":"7"}}
{"timestamp":"2026-05-16T12:37:48.315Z","method":"GET","path":"/","statusCode":200,"durationMs":675.15,"userId":"6a05e39cb8978940d99fb584","query":{}}
{"timestamp":"2026-05-16T12:37:48.997Z","method":"GET","path":"/","statusCode":304,"durationMs":674.66,"userId":"6a05e39cb8978940d99fb584","query":{}}
{"timestamp":"2026-05-16T12:37:51.583Z","method":"PUT","path":"/preferences","statusCode":200,"durationMs":1055.84,"userId":"6a05e39cb8978940d99fb584","query":{}}
{"timestamp":"2026-05-16T12:38:11.289Z","method":"GET","path":"/api/dashboard/admin-overview","statusCode":404,"durationMs":294.14,"userId":"6a05e39cb8978940d99fb584","query":{}}
{"timestamp":"2026-05-16T12:38:11.590Z","method":"GET","path":"/","statusCode":304,"durationMs":597.92,"userId":"6a05e39cb8978940d99fb584","query":{}}
{"timestamp":"2026-05-16T12:38:11.597Z","method":"GET","path":"/churn-distribution","statusCode":304,"durationMs":624.27,"userId":"6a05e39cb8978940d99fb584","query":{}}
{"timestamp":"2026-05-16T12:38:12.517Z","method":"GET","path":"/churn-distribution","statusCode":304,"durationMs":597.53,"userId":"6a05e39cb8978940d99fb584","query":{}}
{"timestamp":"2026-05-16T12:38:13.302Z","method":"GET","path":"/summary","statusCode":304,"durationMs":2643.02,"userId":"6a05e39cb8978940d99fb584","query":{}}
{"timestamp":"2026-05-16T12:38:13.631Z","method":"GET","path":"/trends","statusCode":304,"durationMs":2636.99,"userId":"6a05e39cb8978940d99fb584","query":{}}
{"timestamp":"2026-05-16T12:38:14.216Z","method":"GET","path":"/sentiment-trend","statusCode":304,"durationMs":3245.23,"userId":"6a05e39cb8978940d99fb584","query":{"days":"7"}}
{"timestamp":"2026-05-16T12:38:16.257Z","method":"GET","path":"/summary","statusCode":304,"durationMs":2638.41,"userId":"6a05e39cb8978940d99fb584","query":{}}
{"timestamp":"2026-05-16T12:38:17.792Z","method":"GET","path":"/sentiment-trend","statusCode":304,"durationMs":3257.64,"userId":"6a05e39cb8978940d99fb584","query":{"days":"7"}}
{"timestamp":"2026-05-16T12:43:55.716Z","method":"GET","path":"/me","statusCode":200,"durationMs":658.7,"userId":"6a05e39cb8978940d99fb584","query":{}}
{"timestamp":"2026-05-16T12:43:56.368Z","method":"GET","path":"/me","statusCode":304,"durationMs":647.11,"userId":"6a05e39cb8978940d99fb584","query":{}}
{"timestamp":"2026-05-16T12:43:57.017Z","method":"GET","path":"/api/dashboard/admin-overview","statusCode":404,"durationMs":281.22,"userId":"6a05e39cb8978940d99fb584","query":{}}
{"timestamp":"2026-05-16T12:43:57.027Z","method":"GET","path":"/churn-distribution","statusCode":304,"durationMs":604.4,"userId":"6a05e39cb8978940d99fb584","query":{}}
{"timestamp":"2026-05-16T12:43:57.082Z","method":"GET","path":"/","statusCode":304,"durationMs":657.69,"userId":"6a05e39cb8978940d99fb584","query":{}}
{"timestamp":"2026-05-16T12:43:58.003Z","method":"GET","path":"/churn-distribution","statusCode":304,"durationMs":656.88,"userId":"6a05e39cb8978940d99fb584","query":{}}
{"timestamp":"2026-05-16T12:43:59.039Z","method":"GET","path":"/summary","statusCode":200,"durationMs":2621.51,"userId":"6a05e39cb8978940d99fb584","query":{}}
{"timestamp":"2026-05-16T12:43:59.178Z","method":"GET","path":"/trends","statusCode":304,"durationMs":2651.2,"userId":"6a05e39cb8978940d99fb584","query":{}}
{"timestamp":"2026-05-16T12:44:00.362Z","method":"GET","path":"/sentiment-trend","statusCode":304,"durationMs":3940.27,"userId":"6a05e39cb8978940d99fb584","query":{"days":"7"}}
{"timestamp":"2026-05-16T12:44:01.778Z","method":"GET","path":"/summary","statusCode":304,"durationMs":2410.67,"userId":"6a05e39cb8978940d99fb584","query":{}}
{"timestamp":"2026-05-16T12:44:03.384Z","method":"GET","path":"/sentiment-trend","statusCode":304,"durationMs":3011.07,"userId":"6a05e39cb8978940d99fb584","query":{"days":"7"}}
{"timestamp":"2026-05-16T12:44:21.351Z","method":"POST","path":"/login","statusCode":401,"durationMs":750.78,"userId":"anonymous","query":{}}
{"timestamp":"2026-05-16T12:44:46.261Z","method":"POST","path":"/forgot-password","statusCode":200,"durationMs":301.26,"userId":"anonymous","query":{}}
{"timestamp":"2026-05-16T12:47:01.422Z","method":"POST","path":"/forgot-password","statusCode":200,"durationMs":301.21,"userId":"anonymous","query":{}}
{"timestamp":"2026-05-16T12:51:35.744Z","method":"POST","path":"/forgot-password","statusCode":200,"durationMs":303.76,"userId":"anonymous","query":{}}
{"timestamp":"2026-05-16T13:03:18.865Z","method":"POST","path":"/register","statusCode":201,"durationMs":1418.78,"userId":"anonymous","query":{}}
{"timestamp":"2026-05-16T13:03:30.173Z","method":"POST","path":"/login","statusCode":200,"durationMs":1357.16,"userId":"anonymous","query":{}}
{"timestamp":"2026-05-16T13:03:31.283Z","method":"GET","path":"/churn-distribution","statusCode":200,"durationMs":614.21,"userId":"6a086b15da21ff7b46d7f1a0","query":{}}
{"timestamp":"2026-05-16T13:03:31.381Z","method":"GET","path":"/","statusCode":304,"durationMs":632.84,"userId":"6a086b15da21ff7b46d7f1a0","query":{}}
{"timestamp":"2026-05-16T13:03:31.916Z","method":"GET","path":"/churn-distribution","statusCode":304,"durationMs":613.59,"userId":"6a086b15da21ff7b46d7f1a0","query":{}}
{"timestamp":"2026-05-16T13:03:33.057Z","method":"GET","path":"/summary","statusCode":200,"durationMs":2418.56,"userId":"6a086b15da21ff7b46d7f1a0","query":{}}
{"timestamp":"2026-05-16T13:03:33.406Z","method":"GET","path":"/trends","statusCode":200,"durationMs":2653.67,"userId":"6a086b15da21ff7b46d7f1a0","query":{}}
{"timestamp":"2026-05-16T13:03:33.844Z","method":"GET","path":"/sentiment-trend","statusCode":304,"durationMs":3178.51,"userId":"6a086b15da21ff7b46d7f1a0","query":{"days":"7"}}
{"timestamp":"2026-05-16T13:03:35.982Z","method":"GET","path":"/summary","statusCode":304,"durationMs":2598.2,"userId":"6a086b15da21ff7b46d7f1a0","query":{}}
{"timestamp":"2026-05-16T13:03:37.602Z","method":"GET","path":"/sentiment-trend","statusCode":304,"durationMs":3438.47,"userId":"6a086b15da21ff7b46d7f1a0","query":{"days":"7"}}
{"timestamp":"2026-05-16T13:03:53.483Z","method":"GET","path":"/","statusCode":200,"durationMs":659.74,"userId":"6a086b15da21ff7b46d7f1a0","query":{}}
{"timestamp":"2026-05-16T13:03:55.993Z","method":"GET","path":"/","statusCode":200,"durationMs":634.9,"userId":"6a086b15da21ff7b46d7f1a0","query":{"search":"","status":""}}
{"timestamp":"2026-05-16T13:03:57.470Z","method":"GET","path":"/churn-distribution","statusCode":304,"durationMs":663.47,"userId":"6a086b15da21ff7b46d7f1a0","query":{}}
{"timestamp":"2026-05-16T13:03:58.492Z","method":"GET","path":"/churn-distribution","statusCode":304,"durationMs":695.58,"userId":"6a086b15da21ff7b46d7f1a0","query":{}}
{"timestamp":"2026-05-16T13:03:59.632Z","method":"GET","path":"/summary","statusCode":304,"durationMs":2831.76,"userId":"6a086b15da21ff7b46d7f1a0","query":{}}
{"timestamp":"2026-05-16T13:04:00.288Z","method":"GET","path":"/sentiment-trend","statusCode":304,"durationMs":3479.16,"userId":"6a086b15da21ff7b46d7f1a0","query":{"days":"7"}}
{"timestamp":"2026-05-16T13:04:02.257Z","method":"GET","path":"/summary","statusCode":304,"durationMs":2605.48,"userId":"6a086b15da21ff7b46d7f1a0","query":{}}
{"timestamp":"2026-05-16T13:04:04.045Z","method":"GET","path":"/sentiment-trend","statusCode":304,"durationMs":3437.05,"userId":"6a086b15da21ff7b46d7f1a0","query":{"days":"7"}}
{"timestamp":"2026-05-16T13:04:11.057Z","method":"POST","path":"/login","statusCode":401,"durationMs":1549.38,"userId":"anonymous","query":{}}
{"timestamp":"2026-05-16T13:04:21.131Z","method":"POST","path":"/forgot-password","statusCode":200,"durationMs":733.08,"userId":"anonymous","query":{}}
{"timestamp":"2026-05-16T13:17:24.961Z","method":"POST","path":"/reset-password/246c7c880986a5d6eb61b7586c9f8be51f8c830091c75972dae821856358ef4e","statusCode":200,"durationMs":1772.42,"userId":"anonymous","query":{}}
{"timestamp":"2026-05-16T13:17:41.388Z","method":"POST","path":"/login","statusCode":200,"durationMs":1623.9,"userId":"anonymous","query":{}}
{"timestamp":"2026-05-16T13:17:42.437Z","method":"GET","path":"/churn-distribution","statusCode":304,"durationMs":614.8,"userId":"6a086b15da21ff7b46d7f1a0","query":{}}
{"timestamp":"2026-05-16T13:17:42.561Z","method":"GET","path":"/","statusCode":304,"durationMs":602.4,"userId":"6a086b15da21ff7b46d7f1a0","query":{}}
{"timestamp":"2026-05-16T13:17:43.068Z","method":"GET","path":"/churn-distribution","statusCode":304,"durationMs":607.31,"userId":"6a086b15da21ff7b46d7f1a0","query":{}}
{"timestamp":"2026-05-16T13:17:44.403Z","method":"GET","path":"/summary","statusCode":304,"durationMs":2585.43,"userId":"6a086b15da21ff7b46d7f1a0","query":{}}
{"timestamp":"2026-05-16T13:17:44.623Z","method":"GET","path":"/trends","statusCode":304,"durationMs":2660.17,"userId":"6a086b15da21ff7b46d7f1a0","query":{}}
{"timestamp":"2026-05-16T13:17:45.072Z","method":"GET","path":"/sentiment-trend","statusCode":304,"durationMs":3251.92,"userId":"6a086b15da21ff7b46d7f1a0","query":{"days":"7"}}
{"timestamp":"2026-05-16T13:17:47.185Z","method":"GET","path":"/summary","statusCode":304,"durationMs":2462.89,"userId":"6a086b15da21ff7b46d7f1a0","query":{}}
{"timestamp":"2026-05-16T13:17:48.658Z","method":"GET","path":"/sentiment-trend","statusCode":304,"durationMs":3265.64,"userId":"6a086b15da21ff7b46d7f1a0","query":{"days":"7"}}
{"timestamp":"2026-05-16T13:21:51.292Z","method":"POST","path":"/register","statusCode":201,"durationMs":1476.56,"userId":"anonymous","query":{}}
{"timestamp":"2026-05-16T13:22:06.704Z","method":"POST","path":"/forgot-password","statusCode":200,"durationMs":741.48,"userId":"anonymous","query":{}}
